id,sequence,net_charge_pH7,charged_count,basic_count,half_life,charge_density,hydrophobicity_kd_mean,percentage_hydrophobicity,hydrophobic_moment,amphipathicity_index,amphipathic_patterns,helix_fraction,length,hydrophobic_count,isoelectric_point,sheet_fraction,turn_fraction,aromatic_percent,aa_W_count,aa_F_count,aa_Y_count,side_chain_volume_mean,side_chain_volume_total,instability_index,gravy,molecular_weight,aromaticity,hydrophobicity_kd_sum,acidic_count,hydrophilic_percent,charged_percent,aa_K_percent,aa_R_percent,aa_L_percent,aa_I_percent,aa_V_percent,aa_G_percent,aa_P_percent,aa_C_count,aa_C_percent,logP,tpsa,num_h_donors,num_h_acceptors,fraction_csp3,num_rotatable_bonds,num_aromatic_rings,aa_A_count,aa_A_percent,aa_D_count,aa_D_percent,aa_E_count,aa_E_percent,aa_F_percent,aa_G_count,aa_H_count,aa_H_percent,aa_I_count,aa_K_count,aa_L_count,aa_M_count,aa_M_percent,aa_N_count,aa_N_percent,aa_P_count,aa_Q_count,aa_Q_percent,aa_R_count,aa_S_count,aa_S_percent,aa_T_count,aa_T_percent,aa_V_count,aa_W_percent,aa_Y_percent,hydrophobic_percent
pep1,SVSEEFRADH,-1.9071131913517876,5,2,0.05227589,-0.19071131913517875,-1.1,30.0,0.004446492962857545,-0.4,1,0.30000000000000004,10,3,4.6489408493042,0.2,0.30000000000000004,20.0,0,1,0,131.09999999999997,1310.9999999999998,52.37,-1.1,1176.193,0.1,-11.0,3,70.0,50.0,0.0,10.0,0.0,0.0,10.0,0.0,0.0,0,0.0,-7.680429999999994,876.1400000000001,29,27,0.5306122448979592,29,2,1,10.0,1,10.0,2,20.0,10.0,0,1,10.0,0,0,0,0,0.0,0,0.0,0,0,0.0,1,2,20.0,0,0.0,1,0.0,0.0,30.0
pep2,SIINFEKLTE,-0.9987604889676372,3,1,0.041326724,-0.09987604889676373,-0.02999999999999998,40.0,0.18494472425044267,-0.2,3,0.4,10,4,4.85259494781494,0.5,0.2,10.0,0,1,0,145.45999999999998,1454.6,4.740000000000002,-0.02999999999999998,1193.346,0.1,-0.2999999999999998,2,60.0,30.0,10.0,0.0,10.0,20.0,0.0,0.0,0.0,0,0.0,-4.5288999999999975,817.3700000000002,26,26,0.6481481481481481,32,1,0,0.0,0,0.0,2,20.0,10.0,0,0,0.0,2,1,1,0,0.0,1,10.0,0,0,0.0,0,1,10.0,1,10.0,0,0.0,0.0,40.0
pep3,INKVVRFDKLPGFGDS,0.9982838886984986,5,3,0.013086548,0.06239274304365616,-0.23125,37.5,0.1374348895002464,-0.25,6,0.1875,16,6,8.589848136901857,0.375,0.4375,12.5,0,2,0,135.125,2162.0,40.04375,-0.23125,1792.0429,0.125,-3.7,2,62.5,31.25,12.5,6.25,6.25,6.25,12.5,12.5,6.25,0,0.0,-7.711729999999937,1250.9900000000002,41,39,0.6097560975609756,45,2,0,0.0,2,12.5,0,0.0,12.5,2,0,0.0,1,2,1,0,0.0,1,6.25,1,0,0.0,1,1,6.25,0,0.0,2,0.0,0.0,37.5
pep4,GLEQLESIIN,-1.9984654551156331,2,0,0.48139393,-0.1998465455115633,0.14000000000000004,40.0,0.4351595770533704,-0.2,3,0.4,10,4,4.0500284194946286,0.4,0.30000000000000004,0.0,0,0,0,135.06,1350.6,47.52,0.14000000000000004,1115.2341,0.0,1.4000000000000004,2,60.0,20.0,0.0,0.0,20.0,20.0,0.0,10.0,0.0,0,0.0,-5.3383999999999885,814.2100000000003,25,25,0.7083333333333334,30,0,0,0.0,0,0.0,2,20.0,0.0,1,0,0.0,2,0,2,0,0.0,1,10.0,0,1,10.0,0,1,10.0,0,0.0,0,0.0,0.0,40.0
pep5,AADQARELINSWVESQ,-1.9980222822608789,4,1,0.022931483,-0.12487639264130493,-0.63125,43.75,0.3703555866621997,-0.125,9,0.375,16,7,4.137446784973144,0.25,0.25,6.25,1,0,0,131.75,2108.0,22.837500000000006,-0.63125,1816.9218,0.0625,-10.1,3,56.25,25.0,0.0,6.25,6.25,6.25,6.25,0.0,0.0,0,0.0,-11.236729999999932,1372.44,44,41,0.5974025974025974,45,2,3,18.75,1,6.25,2,12.5,0.0,0,0,0.0,1,0,1,0,0.0,1,6.25,0,2,12.5,1,2,12.5,0,0.0,1,6.25,0.0,43.75
pep6,DSQTAMVLVN,-1.001569216452248,1,0,0.017871678,-0.1001569216452248,0.38999999999999996,50.0,0.1313288720699038,0.0,2,0.30000000000000004,10,5,4.0500284194946286,0.4,0.30000000000000004,0.0,0,0,0,127.22999999999999,1272.3,47.52,0.38999999999999996,1077.2092,0.0,3.8999999999999995,1,50.0,10.0,0.0,0.0,10.0,0.0,20.0,0.0,0.0,0,0.0,-6.897199999999992,797.1400000000003,25,26,0.7045454545454546,26,0,1,10.0,1,10.0,0,0.0,0.0,0,0,0.0,0,0,1,1,10.0,1,10.0,0,1,10.0,0,1,10.0,1,10.0,2,0.0,0.0,50.0
pep7,SSSANLSGISSAESLK,-0.0005356117134469596,2,1,0.47111452,-3.347573209043497e-05,-0.07500000000000001,31.25,0.06267589836968358,-0.375,4,0.375,16,5,5.718195915222168,0.1875,0.5625,0.0,0,0,0,111.34375,1781.5,46.91250000000001,-0.07500000000000001,1537.6252000000002,0.0,-1.2000000000000002,1,68.75,12.5,6.25,0.0,12.5,6.25,0.0,6.25,0.0,0,0.0,-15.002399999999934,1261.14,42,42,0.7096774193548387,38,0,2,12.5,0,0.0,1,6.25,0.0,1,0,0.0,1,1,2,0,0.0,1,6.25,0,0,0.0,0,7,43.75,0,0.0,0,0.0,0.0,31.25
pep14,QITKPNDVYS,-0.00271466452256491,2,1,0.25522527,-0.000271466452256491,-1.01,20.0,0.05868067013081948,-0.6,0,0.1,10,2,5.834943199157714,0.4,0.4,10.0,0,0,1,135.57,1355.6999999999998,-6.08,-1.01,1164.265,0.1,-10.1,1,80.0,20.0,10.0,0.0,0.0,10.0,10.0,0.0,10.0,0,0.0,-6.824199999999978,829.4000000000002,27,27,0.6274509803921569,28,1,0,0.0,1,10.0,0,0.0,0.0,0,0,0.0,1,1,0,0,0.0,1,10.0,1,1,10.0,0,1,10.0,1,10.0,1,0.0,10.0,20.0
pep15,GTMSMLVLLPDEVSGL,-1.9997940937064382,2,0,0.023718568,-0.12498713085665239,0.98125,50.0,-0.022524053437054985,0.0,4,0.4375,16,8,4.0500284194946286,0.4375,0.375,0.0,0,0,0,128.06875,2049.1,38.856249999999996,0.98125,1661.9774,0.0,15.7,2,50.0,12.5,0.0,0.0,25.0,0.0,12.5,12.5,6.25,0,0.0,-6.232199999999929,1134.4200000000003,37,39,0.75,40,0,0,0.0,1,6.25,1,6.25,0.0,2,0,0.0,0,0,4,2,12.5,0,0.0,1,0,0.0,0,2,12.5,1,6.25,2,0.0,0.0,50.0
pep16,IEAQCGTSVNVHSSLR,0.028690485822039813,3,2,0.18664877,0.0017931553638774883,-0.04375000000000008,37.5,0.04783095222287069,-0.25,4,0.1875,16,6,6.740445137023926,0.3125,0.3125,6.25,0,0,0,123.53750000000001,1976.6000000000001,50.893750000000004,-0.04375000000000008,1700.8712,0.0,-0.7000000000000013,1,62.5,18.75,0.0,6.25,6.25,6.25,12.5,6.25,0.0,1,6.25,-13.049429999999948,1308.1,44,42,0.6666666666666666,41,1,1,6.25,0,0.0,1,6.25,0.0,1,1,6.25,1,0,1,0,0.0,1,6.25,0,1,6.25,1,3,18.75,1,6.25,2,0.0,0.0,37.5
pep17,MEEKYNLTSVLMAMGI,-0.99961090318595,3,1,0.022142025,-0.06247568144912188,0.38749999999999996,50.0,0.05407627146314929,0.0,2,0.5625,16,8,4.529692649841309,0.375,0.1875,6.25,0,0,1,139.73125,2235.7,32.15625,0.38749999999999996,1830.1936,0.0625,6.199999999999999,2,50.0,18.75,6.25,0.0,12.5,6.25,6.25,6.25,0.0,0,0.0,-5.86689999999993,1217.5200000000002,39,42,0.6835443037974683,48,1,1,6.25,0,0.0,2,12.5,0.0,1,0,0.0,1,1,2,3,18.75,1,6.25,0,0,0.0,0,1,6.25,1,6.25,1,0.0,6.25,50.0
pep18,MSMLVLLPDEVSGLEQ,-2.9980189709606284,3,0,0.017247032,-0.18737618568503928,0.6125,50.0,-0.07773941245886398,0.0,3,0.5,16,8,4.0500284194946286,0.375,0.3125,0.0,0,0,0,134.69375,2155.1,56.2,0.6125,1761.0654,0.0,9.8,3,50.0,18.75,0.0,0.0,25.0,0.0,12.5,6.25,6.25,0,0.0,-6.114099999999927,1194.5800000000002,38,40,0.7368421052631579,45,0,0,0.0,1,6.25,2,12.5,0.0,1,0,0.0,0,0,4,2,12.5,0,0.0,1,1,6.25,0,2,12.5,0,0.0,2,0.0,0.0,50.0
pep19,FGDSIEAQCGTSVNVH,-1.9708597187227053,3,1,2.1326516,-0.12317873242016908,-0.0187500000000001,37.5,0.15343883001695635,-0.25,6,0.125,16,6,4.353093910217285,0.3125,0.375,12.5,0,1,0,119.28750000000001,1908.6000000000001,38.856249999999996,-0.0187500000000001,1663.7631000000001,0.0625,-0.3000000000000016,2,62.5,18.75,0.0,0.0,0.0,6.25,12.5,12.5,0.0,1,6.25,-12.00229999999996,1263.2700000000002,41,41,0.5797101449275363,38,2,1,6.25,1,6.25,1,6.25,6.25,2,1,6.25,1,0,0,0,0.0,1,6.25,0,1,6.25,0,2,12.5,1,6.25,2,0.0,0.0,37.5
pep20,VLLPDEVSGL,-1.9997940937064382,2,0,8.528268,-0.19997940937064382,1.0,50.0,-0.18485019037203818,0.0,2,0.4,10,5,4.0500284194946286,0.5,0.4,0.0,0,0,0,129.14,1291.3999999999999,20.720000000000002,1.0,1041.1953,0.0,10.0,2,50.0,20.0,0.0,0.0,30.0,0.0,20.0,10.0,10.0,0,0.0,-3.178799999999997,714.0400000000002,23,23,0.7446808510638298,24,0,0,0.0,1,10.0,1,10.0,0.0,1,0,0.0,0,0,3,0,0.0,0,0.0,1,0,0.0,0,1,10.0,0,0.0,2,0.0,0.0,50.0
pep21,KHIATNAVLF,1.0885983564498343,2,2,0.05892265,0.10885983564498343,0.76,60.0,-0.21591690033651995,0.2,2,0.4,10,6,8.757208061218265,0.5,0.1,20.0,0,1,0,139.25,1392.5,37.91,0.76,1113.3092,0.1,7.6,0,40.0,20.0,10.0,0.0,10.0,10.0,10.0,0.0,0.0,0,0.0,-3.63529999999999,751.2200000000001,24,24,0.6153846153846154,26,2,2,20.0,0,0.0,0,0.0,10.0,0,1,10.0,1,1,1,0,0.0,1,10.0,0,0,0.0,0,0,0.0,1,10.0,1,0.0,0.0,60.0
pep22,ANENIFYCPI,-1.063065708005114,1,0,0.096124,-0.1063065708005114,0.2700000000000001,50.0,-0.0010284796497671334,0.0,4,0.2,10,5,4.0500284194946286,0.4,0.30000000000000004,20.0,0,1,1,139.33,1393.3000000000002,104.801,0.2700000000000001,1183.3327,0.2,2.7000000000000006,1,50.0,10.0,0.0,0.0,0.0,20.0,0.0,0.0,10.0,1,10.0,-3.743800000000009,762.9200000000002,25,25,0.5370370370370371,26,2,1,10.0,0,0.0,1,10.0,10.0,0,0,0.0,2,0,0,0,0.0,2,20.0,1,0,0.0,0,0,0.0,0,0.0,0,0.0,10.0,50.0
pep23,NEAGREVVGS,-0.9984687664158833,3,1,0.09970363,-0.09984687664158834,-0.6399999999999999,30.0,-0.16271101708677976,-0.4,2,0.30000000000000004,10,3,4.531397819519043,0.2,0.4,0.0,0,0,0,114.21,1142.1,0.5099999999999998,-0.6399999999999999,1017.0514000000001,0.0,-6.3999999999999995,2,70.0,30.0,0.0,10.0,0.0,0.0,20.0,20.0,0.0,0,0.0,-8.561729999999976,833.0200000000002,27,25,0.65,25,0,1,10.0,0,0.0,2,20.0,0.0,2,0,0.0,0,0,0,0,0.0,1,10.0,0,0,0.0,1,1,10.0,0,0.0,2,0.0,0.0,30.0
pep24,IEAQCGTSVN,-1.062215293786801,1,0,7.53327,-0.1062215293786801,0.06000000000000005,40.0,0.11787371425324807,-0.2,2,0.2,10,4,4.0500284194946286,0.30000000000000004,0.30000000000000004,0.0,0,0,0,116.53,1165.3,36.91,0.06000000000000005,1021.1030000000001,0.0,0.6000000000000005,1,60.0,10.0,0.0,0.0,0.0,10.0,10.0,10.0,0.0,1,10.0,-8.354999999999983,797.1400000000002,26,26,0.675,24,0,1,10.0,0,0.0,1,10.0,0.0,1,0,0.0,1,0,0,0,0.0,1,10.0,0,1,10.0,0,1,10.0,1,10.0,1,0.0,0.0,40.0
pep25,HAEINEAGRE,-1.9057845527609827,5,2,0.11724271,-0.19057845527609826,-1.4,30.0,0.1288791459983218,-0.4,2,0.5,10,3,4.959793281555174,0.1,0.2,10.0,0,0,0,125.99000000000001,1259.9,28.26,-1.4,1125.1496,0.0,-14.0,3,70.0,50.0,0.0,10.0,0.0,10.0,0.0,10.0,0.0,0,0.0,-7.6008299999999664,878.7700000000002,28,26,0.6,29,1,2,20.0,0,0.0,3,30.0,0.0,1,1,10.0,1,0,0,0,0.0,1,10.0,0,0,0.0,1,0,0.0,0,0.0,0,0.0,0.0,30.0
pep26,MGWSLILLFLVAVATRVLS,0.9979809880924972,1,1,1.9700538,0.052525315162763014,1.9105263157894739,73.68421052631578,-0.20283980417663014,0.47368421052631576,1,0.42105263157894735,19,14,9.500077247619632,0.631578947368421,0.15789473684210528,10.526315789473683,1,1,0,142.4,2705.6,26.105263157894736,1.9105263157894739,2089.5849,0.10526315789473685,36.300000000000004,0,26.31578947368421,5.263157894736842,0.0,5.263157894736842,26.31578947368421,5.263157894736842,15.789473684210526,5.263157894736842,0.0,0,0.0,-3.16802999999993,1341.46,45,43,0.66,48,3,2,10.526315789473683,0,0.0,0,0.0,5.263157894736842,1,0,0.0,1,0,5,1,5.263157894736842,0,0.0,0,0,0.0,1,2,10.526315789473683,1,5.263157894736842,3,5.263157894736842,0.0,73.68421052631578
pep28,FEKLTEWTSSNVMEER,-1.9952135547762677,6,2,0.033063684,-0.12470084717351673,-1.06875,31.25,0.17361189982835712,-0.375,2,0.4375,16,5,4.4939977645874025,0.375,0.1875,12.5,1,1,0,144.2,2307.2,29.731250000000003,-1.06875,1986.1626,0.125,-17.1,4,68.75,37.5,6.25,6.25,6.25,0.0,6.25,0.0,0.0,0,0.0,-9.732229999999953,1390.04,46,44,0.5813953488372093,52,3,0,0.0,0,0.0,4,25.0,6.25,0,0,0.0,0,1,1,1,6.25,1,6.25,0,0,0.0,1,2,12.5,2,12.5,1,6.25,0.0,31.25
pep29,LEPINFQTAA,-1.000240577861443,1,0,0.022220414,-0.10002405778614429,0.18999999999999995,50.0,0.01223062231490336,0.0,3,0.4,10,5,4.0500284194946286,0.4,0.2,10.0,0,1,0,132.56,1325.6,13.230000000000002,0.18999999999999995,1103.225,0.1,1.8999999999999995,1,50.0,10.0,0.0,0.0,10.0,10.0,0.0,0.0,10.0,0,0.0,-4.8311,762.9200000000002,24,24,0.62,25,1,2,20.0,0,0.0,1,10.0,10.0,0,0,0.0,1,0,1,0,0.0,1,10.0,1,1,10.0,0,0,0.0,1,10.0,0,0.0,0.0,50.0
pep30,MCGPGVGVPGGVPGWPGSG,-0.06399041653261067,0,0,4.8616424,-0.003367916659611088,0.3,31.57894736842105,0.07715193433461906,-0.3684210526315789,3,0.052631578947368425,19,6,5.27274875640869,0.21052631578947367,0.6842105263157895,5.263157894736842,1,0,0,102.09473684210525,1939.7999999999997,38.26842105263158,0.3,1667.9056,0.052631578947368425,5.7,0,68.42105263157895,0.0,0.0,0.0,0.0,0.0,15.789473684210526,42.10526315789473,21.052631578947366,1,5.263157894736842,-9.315099999999937,1183.14,41,41,0.6301369863013698,29,2,0,0.0,0,0.0,0,0.0,0.0,8,0,0.0,0,0,0,1,5.263157894736842,0,0.0,4,0,0.0,0,1,5.263157894736842,0,0.0,3,5.263157894736842,0.0,31.57894736842105
