peptide_id,sequence,half_life_minutes,half_life_log,seq_len
P00001,AAGIGILTV,22.0,1.3424227005628642,9
P00002,GSIGAASMEF,2.7013,0.4315729793580229,10
P00003,IGAASMEFCF,0.0629,-1.2013424500868506,10
P00004,AASMEFCFDV,0.0556,-1.254917397436352,10
P00005,SMEFCFDVFK,0.0103,-1.9871206128287104,10
P00006,CFDVFKELKV,0.0122,-1.91360457287575,10
P00007,DVFKELKVHH,0.0101,-1.995635628892249,10
P00008,ELKVHHANEN,0.1969,-0.7057520782073411,10
P00009,KVHHANENIF,1.2897,0.1104890365772396,10
P00010,HHANENIFYC,0.0485,-1.3142493069646497,10
P00011,ANENIFYCPI,0.1557,-0.8077085981378062,10
P00012,ENIFYCPIAI,0.089,-1.0506051136692214,10
P00013,IFYCPIAIMS,0.0469,-1.328817897373361,10
P00014,YCPIAIMSAL,0.2911,-0.535956302655535,10
P00015,PIAIMSALAM,0.1596,-0.7969643918504439,10
P00016,AIMSALAMVY,0.0512,-1.2907215567929036,10
P00017,MSALAMVYLG,0.0132,-1.879393168943227,10
P00018,AMVYLGAKDS,0.0111,-1.954637897346652,10
P00019,VYLGAKDSTR,0.0135,-1.8696340627347927,10
P00020,LGAKDSTRTQ,0.0122,-1.91360457287575,10
P00021,DSTRTQINKV,0.021,-1.677760025068848,10
P00022,KVVRFDKLPG,0.0119,-1.924416544806187,10
P00023,VRFDKLPGFG,0.1526,-0.8164426204240025,10
P00024,FDKLPGFGDS,25.2445,1.4021667905558346,10
P00025,KLPGFGDSIE,40.1296,1.60346484165859,10
P00026,PGFGDSIEAQ,17.8114,1.2506980813183295,10
P00027,FGDSIEAQCG,7.122,0.8526020303175176,10
P00028,DSIEAQCGTS,13.4815,1.129738248262119,10
P00029,IEAQCGTSVN,6.4814,0.811668891797202,10
P00030,AQCGTSVNVH,4.3435,0.6378399258362121,10
P00031,CGTSVNVHSS,1.1378,0.0560663111282644,10
P00032,TSVNVHSSLR,0.1177,-0.9292198473295732,10
P00033,VNVHSSLRDI,0.0148,-1.8297089413746064,10
P00034,VHSSLRDILN,0.0527,-1.2781811439836297,10
P00035,SSLRDILNQI,0.1504,-0.822749276157687,10
P00036,LRDILNQITK,0.0939,-1.027329782684162,10
P00037,DILNQITKPN,4.1593,0.6190203504945021,10
P00038,LNQITKPNDV,20.6999,1.3159682683913851,10
P00039,QITKPNDVYS,0.2963,-0.5282668827968675,10
P00040,TKPNDVYSFS,0.012,-1.920782564253433,10
P00041,LYAEERYPIL,0.1052,-0.977980131927358,10
P00042,AEERYPILPE,11.4998,1.0606903251058144,10
P00043,ERYPILPEYL,1.466,0.1661342665495387,10
P00044,YPILPEYLQC,0.1016,-0.9931020175211484,10
P00045,ILPEYLQCVK,0.3817,-0.4182767022622898,10
P00046,PEYLQCVKEL,0.1101,-0.9582087365004586,10
P00047,YLQCVKELYR,0.0263,-1.5800277387260002,10
P00048,QCVKELYRGG,0.0128,-1.8927561024210255,10
P00049,VKELYRGGLE,0.0225,-1.647798180340584,10
P00050,ELYRGGLEPI,0.0244,-1.612592375071817,10
P00051,YRGGLEPINF,0.0238,-1.6234047956595248,10
P00052,GGLEPINFQT,0.0336,-1.473647797371486,10
P00053,LEPINFQTAA,0.0242,-1.6161666883373735,10
P00054,PINFQTAADQ,0.0812,-1.0904386223375475,10
P00055,NFQTAADQAR,0.1293,-0.888398116319896,10
P00056,QTAADQAREL,0.0514,-1.2890284317779284,10
P00057,AADQARELIN,0.0325,-1.4881032763195692,10
P00058,DQARELINSW,0.0224,-1.649732593952082,10
P00059,ARELINSWVE,0.0156,-1.8068475631479228,10
P00060,ELINSWVESQ,1.2344,0.091456264881328,10
P00061,INSWVESQTN,3.3348,0.5230699230560202,10
P00062,SWVESQTNGI,0.7564,-0.1212479056675653,10
P00063,VESQTNGIIR,0.3309,-0.480301920377694,10
P00064,NVLQPSSVDS,0.3384,-0.4705683622587818,10
P00065,LQPSSVDSQT,0.1866,-0.7290860331869562,10
P00066,PSSVDSQTAM,4.5647,0.659412335363661,10
P00067,SVDSQTAMVL,0.2013,-0.6961540676677132,10
P00068,DSQTAMVLVN,0.0195,-1.7099431176966344,10
P00069,QTAMVLVNAI,0.0264,-1.5783796228931677,10
P00070,AMVLVNAIVF,0.0165,-1.7824897357059728,10
P00071,LWEKAFKDED,0.0131,-1.8826955533589975,10
P00072,EKAFKDEDTQ,0.0329,-1.4827909018104568,10
P00073,AFKDEDTQAM,7.6573,0.884075719063344,10
P00074,KDEDTQAMPF,0.6468,-0.1892293173151939,10
P00075,PFRVTEQESK,0.131,-0.8827253891318365,10
P00076,RVTEQESKPV,2.1948,0.3413951493982821,10
P00077,TEQESKPVQM,19.4782,1.2895488431046125,10
P00078,QESKPVQMMY,3.8079,0.5806856488215203,10
P00079,SKPVQMMYQI,0.124,-0.9065748124770332,10
P00080,PVQMMYQIGL,0.088,-1.0555123927133048,10
P00081,VASMASEKMK,0.1745,-0.75820207991834,10
P00082,ASEKMKILEL,0.0103,-1.9871206128287104,10
P00083,EKMKILELPF,0.0135,-1.8696340627347927,10
P00084,MKILELPFAS,0.0183,-1.737525178979059,10
P00085,ILELPFASGT,0.0767,-1.115198973839144,10
P00086,ELPFASGTMS,0.0648,-1.1884182921057818,10
P00087,PFASGTMSML,3.844,0.5847834919763271,10
P00088,ASGTMSMLVL,0.1692,-0.7715970745523231,10
P00089,GTMSMLVLLP,0.0949,-1.0227292112587585,10
P00090,MSMLVLLPDE,0.0317,-1.4989270378569497,10
P00091,MLVLLPDEVS,0.323,-0.490796133106019,10
P00092,VLLPDEVSGL,8.3587,0.9221387903138948,10
P00093,LPDEVSGLEQ,0.3722,-0.4292224643758631,10
P00094,DEVSGLEQLE,0.1719,-0.7647215968835195,10
P00095,VSGLEQLESI,1.0014,0.0006080207499934,10
P00096,GLEQLESIIN,0.5162,-0.287181158463089,10
P00097,EQLESIINFE,0.0686,-1.1636695535160395,10
P00098,LESIINFEKL,0.0663,-1.1784799211999522,10
P00099,SIINFEKLTE,0.0667,-1.1758676549706122,10
P00100,INFEKLTEWT,0.0541,-1.2667947073431876,10
P00101,FEKLTEWTSS,0.0563,-1.2494838912832011,10
P00102,KLTEWTSSNV,0.4176,-0.3792384700298318,10
P00103,TEWTSSNVME,0.5842,-0.2334377039627596,10
P00104,WTSSNVMEER,0.9286,-0.0321708529827372,10
P00105,SSNVMEERKI,0.0399,-1.3990162198761664,10
P00106,MKMEEKYNLT,0.0367,-1.4353221022720195,10
P00107,EKYNLTSVLM,0.0124,-1.9065432925013963,10
P00108,YNLTSVLMAM,0.0294,-1.531637897917907,10
P00109,LTSVLMAMGI,0.0787,-1.1040197493217137,10
P00110,SVLMAMGITD,0.1194,-0.9229920359146626,10
P00111,LMAMGITDVF,0.8333,-0.0791980970004332,10
P00112,AMGITDVFSS,0.0154,-1.812451079138729,10
P00113,GITDVFSSSA,0.0178,-1.7495555998100345,10
P00114,TDVFSSSANL,0.019,-1.7212235420443551,10
P00115,VFSSSANLSG,0.1849,-0.7330607400398128,10
P00116,SSSANLSGIS,0.7012,-0.154157473219754,10
P00117,SANLSGISSA,0.6149,-0.2111948006711936,10
P00118,NLSGISSAES,1.5216,0.1823007850128571,10
P00119,SGISSAESLK,0.5455,-0.2632044489361639,10
P00120,ISSAESLKIS,0.0401,-1.3968447972285247,10
P00121,SAESLKISQA,0.0451,-1.3458138286393968,10
P00122,ESLKISQAVH,0.0465,-1.3325377075441938,10
P00123,LKISQAVHAA,0.0192,-1.7166761523812135,10
P00124,ISQAVHAAHA,0.1691,-0.7718538241397049,10
P00125,QAVHAAHAEI,0.1777,-0.7503101282258751,10
P00126,VHAAHAEINE,0.1356,-0.8677371077190991,10
P00127,AAHAEINEAG,0.7772,-0.109466649278891,10
P00128,HAEINEAGRE,0.1388,-0.8576074049696548,10
P00129,EINEAGREVV,0.1025,-0.9892718976095596,10
P00130,NEAGREVVGS,0.1284,-0.8914315939245586,10
P00131,AGREVVGSAE,0.0967,-1.0145690347873568,10
P00132,REVVGSAEAG,1.7169,0.2347452535806727,10
P00133,VVGSAEAGVD,4.0618,0.60871864218081,10
P00134,GSAEAGVDAA,3.1271,0.4951419084365062,10
P00135,AEAGVDAASV,0.0711,-1.1481242910926273,10
P00136,AGVDAASVSE,0.0548,-1.2612115165061526,10
P00137,VDAASVSEEF,0.0426,-1.3705802063107877,10
P00138,AASVSEEFRA,0.0246,-1.6090472390082051,10
P00139,SVSEEFRADH,0.0788,-1.1034682711941215,10
P00140,SEEFRADHPF,0.0759,-1.1197525022122805,10
P00141,EFRADHPFLF,0.0569,-1.2448801010800492,10
P00142,LFCIKHIATN,0.0185,-1.7328047968540328,10
P00143,CIKHIATNAV,0.0929,-1.031979611171649,10
P00144,KHIATNAVLF,0.0719,-1.1432650694020714,10
P00145,CFDVFKELKVHHANEN,0.0103,-1.9871206128287104,16
P00146,DVFKELKVHHANENIF,0.0201,-1.6967823364263313,16
P00147,ELKVHHANENIFYCPI,0.0851,-1.0700653366024833,16
P00148,KVHHANENIFYCPIAI,0.0892,-1.0496302768789494,16
P00149,HHANENIFYCPIAIMS,0.0575,-1.2403246024285353,16
P00150,ANENIFYCPIAIMSAL,0.0425,-1.3716008513762146,16
P00151,ENIFYCPIAIMSALAM,0.0327,-1.4854389663659693,16
P00152,IFYCPIAIMSALAMVY,0.0167,-1.7772575239733992,16
P00153,YCPIAIMSALAMVYLG,0.0125,-1.9030552448230595,16
P00154,INKVVRFDKLPGFGDS,0.0111,-1.954637897346652,16
P00155,KVVRFDKLPGFGDSIE,0.0131,-1.8826955533589975,16
P00156,VRFDKLPGFGDSIEAQ,0.1209,-0.9175701069747464,16
P00157,FDKLPGFGDSIEAQCG,5.693,0.7553412600972395,16
P00158,KLPGFGDSIEAQCGTS,6.4211,0.8076095011573754,16
P00159,PGFGDSIEAQCGTSVN,5.0348,0.7019823097834128,16
P00160,FGDSIEAQCGTSVNVH,1.3951,0.1446056500145267,16
P00161,DSIEAQCGTSVNVHSS,0.4688,-0.3290114705948747,16
P00162,IEAQCGTSVNVHSSLR,0.193,-0.7144404407675796,16
P00163,AQCGTSVNVHSSLRDI,0.0267,-1.5734724732290857,16
P00164,CGTSVNVHSSLRDILN,0.0499,-1.3018907511675857,16
P00165,TSVNVHSSLRDILNQI,0.1029,-0.987580404709174,16
P00166,VNVHSSLRDILNQITK,0.0614,-1.2118245557164,16
P00167,VHSSLRDILNQITKPN,0.1104,-0.9570269927978072,16
P00168,SSLRDILNQITKPNDV,0.1963,-0.7070774880037854,16
P00169,LRDILNQITKPNDVYS,0.0514,-1.2890284317779284,16
P00170,DILNQITKPNDVYSFS,0.0223,-1.651675662299613,16
P00171,LYAEERYPILPEYLQC,0.0281,-1.5512782250502786,16
P00172,AEERYPILPEYLQCVK,0.2682,-0.5715396071940685,16
P00173,ERYPILPEYLQCVKEL,0.1018,-0.9922479558661672,16
P00174,YPILPEYLQCVKELYR,0.0298,-1.525769162527931,16
P00175,ILPEYLQCVKELYRGG,0.0143,-1.8446335933532956,16
P00176,PEYLQCVKELYRGGLE,0.0152,-1.8181278409896664,16
P00177,YRGGLEPINFQTAADQ,0.011,-1.9585678353197349,16
P00178,GGLEPINFQTAADQAR,0.0207,-1.6840086746400853,16
P00179,LEPINFQTAADQAREL,0.0155,-1.809640283734676,16
P00180,PINFQTAADQARELIN,0.0183,-1.737525178979059,16
P00181,NFQTAADQARELINSW,0.0247,-1.6072854643237044,16
P00182,QTAADQARELINSWVE,0.0297,-1.5272289282191274,16
P00183,AADQARELINSWVESQ,0.0322,-1.4921306411073263,16
P00184,DQARELINSWVESQTN,0.0223,-1.651675662299613,16
P00185,ELINSWVESQTNGIIR,0.1455,-0.8371340218465311,16
P00186,NVLQPSSVDSQTAMVL,0.1618,-0.791018798588148,16
P00187,LQPSSVDSQTAMVLVN,0.0332,-1.4788488353338716,16
P00188,PSSVDSQTAMVLVNAI,0.0371,-1.4306143844919896,16
P00189,SVDSQTAMVLVNAIVF,0.0236,-1.6270695951112066,16
P00190,LWEKAFKDEDTQAMPF,0.0101,-1.995635628892249,16
P00191,PFRVTEQESKPVQMMY,0.1097,-0.959789413514601,16
P00192,RVTEQESKPVQMMYQI,0.1086,-0.964166175737205,16
P00193,TEQESKPVQMMYQIGL,0.0696,-1.1573845205710185,16
P00194,EKMKILELPFASGTMS,0.0134,-1.8728627928084989,16
P00195,MKILELPFASGTMSML,0.022,-1.6575575789681631,16
P00196,ILELPFASGTMSMLVL,0.0507,-1.2949834747850273,16
P00197,ELPFASGTMSMLVLLP,0.041,-1.3872055508611008,16
P00198,PFASGTMSMLVLLPDE,0.0444,-1.3526072485882794,16
P00199,ASGTMSMLVLLPDEVS,0.0325,-1.4881032763195692,16
P00200,GTMSMLVLLPDEVSGL,0.0306,-1.514264381120193,16
P00201,MSMLVLLPDEVSGLEQ,0.0139,-1.8569539566624125,16
P00202,MLVLLPDEVSGLEQLE,0.1049,-0.9792203717453184,16
P00203,VLLPDEVSGLEQLESI,0.2344,-0.6300405398657408,16
P00204,LPDEVSGLEQLESIIN,0.1597,-0.7966923644305703,16
P00205,DEVSGLEQLESIINFE,0.0265,-1.5767377379013856,16
P00206,VSGLEQLESIINFEKL,0.0393,-1.40559639901499,16
P00207,GLEQLESIINFEKLTE,0.0228,-1.642046105413661,16
P00208,EQLESIINFEKLTEWT,0.0345,-1.4621683168633084,16
P00209,LESIINFEKLTEWTSS,0.0424,-1.3726239007336687,16
P00210,SIINFEKLTEWTSSNV,0.0653,-1.1850801680180876,16
P00211,INFEKLTEWTSSNVME,0.0497,-1.303634873035022,16
P00212,FEKLTEWTSSNVMEER,0.0286,-1.54361878201468,16
P00213,KLTEWTSSNVMEERKI,0.0414,-1.3829891688009155,16
P00214,TEWTSSNVMEERKIKV,0.0139,-1.8569539566624125,16
P00215,MKMEEKYNLTSVLMAM,0.0321,-1.49348143838275,16
P00216,MEEKYNLTSVLMAMGI,0.0225,-1.647798180340584,16
P00217,EKYNLTSVLMAMGITD,0.0211,-1.6756969625131657,16
P00218,YNLTSVLMAMGITDVF,0.0298,-1.525769162527931,16
P00219,LTSVLMAMGITDVFSS,0.017,-1.7695255326388415,16
P00220,SVLMAMGITDVFSSSA,0.0276,-1.55907518291252,16
P00221,LMAMGITDVFSSSANL,0.0241,-1.6179649372810696,16
P00222,AMGITDVFSSSANLSG,0.0262,-1.581682132871321,16
P00223,GITDVFSSSANLSGIS,0.024,-1.6197706630619626,16
P00224,TDVFSSSANLSGISSA,0.0361,-1.4424807679429057,16
P00225,VFSSSANLSGISSAES,0.2471,-0.6071254970357874,16
P00226,SSSANLSGISSAESLK,0.3682,-0.4339150363265936,16
P00227,SANLSGISSAESLKIS,0.0601,-1.2211183018596756,16
P00228,NLSGISSAESLKISQA,0.0601,-1.2211183018596756,16
P00229,SGISSAESLKISQAVH,0.0526,-1.2790059993756586,16
P00230,ISSAESLKISQAVHAA,0.0502,-1.2992876316566475,16
P00231,SAESLKISQAVHAAHA,0.0475,-1.3232972474296505,16
P00232,ESLKISQAVHAAHAEI,0.0463,-1.334409629072933,16
P00233,LKISQAVHAAHAEINE,0.0154,-1.812451079138729,16
P00234,ISQAVHAAHAEINEAG,0.1789,-0.7473872318570646,16
P00235,QAVHAAHAEINEAGRE,0.0901,-1.0452703889091517,16
P00236,VHAAHAEINEAGREVV,0.0783,-1.1062326914323677,16
P00237,AAHAEINEAGREVVGS,0.1269,-0.8965349555824367,16
P00238,HAEINEAGREVVGSAE,0.1531,-0.8150219726390114,16
P00239,EINEAGREVVGSAEAG,0.195,-0.7099631614920033,16
P00240,NEAGREVVGSAEAGVD,0.1676,-0.7757233944576142,16
P00241,AGREVVGSAEAGVDAA,0.1212,-0.9164937968967104,16
P00242,REVVGSAEAGVDAASV,0.0694,-1.1586342717446694,16
P00243,VVGSAEAGVDAASVSE,0.0475,-1.3232972474296505,16
P00244,GSAEAGVDAASVSEEF,0.0261,-1.583342853345156,16
P00245,AEAGVDAASVSEEFRA,0.0214,-1.669565932990288,16
P00246,AGVDAASVSEEFRADH,0.0322,-1.4921306411073263,16
P00247,VDAASVSEEFRADHPF,0.0389,-1.4100392344352226,16
P00248,AASVSEEFRADHPFLF,0.0233,-1.6326254401258031,16
P00249,HAEGTFTSDVSSYLEGQAAKEFIAWLVKGR,0.51,-0.2924289723450908,30
P00250,DRVYIHP,10.0,1.000000043429446,7
P00251,RPPGFSPFR,30.0,1.4771212691961448,9
P00252,SLRRSSCFGGRIDRIGAQSGLGCNSFRY,0.42,-0.3767496755688498,28
P00253,FYSL,0.65,-0.1870859752123015,4
P00254,FYS,0.48,-0.3187578578451847,3
P00255,GGFMTSEKSQTPLVTL,0.7,-0.1549013395654979,16
P00256,TSEKSQTPLVTL,0.6,-0.221848025792823,12
P00257,ADSGEGDFLAEGGGVR,30.0,1.4771212691961448,16
P00258,SLRRSSCFGGRMDRIGAQSGLGCNSFRY,0.8,-0.0969094701402932,28
P00259,HSDAVFTDNYTRLRKQMAVKKYLNSILN,0.62,-0.2076076100273401,28
P00260,AQDFVQWLMNT,10.0,1.000000043429446,11
P00261,CSCSSLMDKECVYFCHLDIIW,40.0,1.6020600021853242,21
P00262,RPPGF,15.0,1.1760912880086458,5
P00263,YRGDS,30.0,1.4771212691961448,5
P00264,RKEVY,30.0,1.4771212691961448,5
P00265,YRQSMNNFQGLRSFGCRFGTCTVQKLAHQIYQFTDKDKDNVAPRSKISPQGY,0.62,-0.2076076100273401,52
P00266,SQDSAERIQERLRNSKMAHSSSCFGQKIDRIGAVSRLGCDGLRQF,23.7,1.374748364334765,45
P00267,RRSSCFGGRMDRIGAQSGLGCNSFRY,17.1,1.2329961357894912,26
P00268,SSCFGGRMDRIGAQSGLGCNSFRY,22.0,1.3424227005628642,24
P00269,PGLHWSYGLRPG,0.69,-0.1611502798509081,12
P00270,PGLHWSYFLRPG,0.83,-0.0809213843778775,12
P00271,CYFQNCPRG,0.9,-0.0457570080115188,9
P00272,SQDSAFRIQERLRNSKMAHSSSCFGQKIDRIGAVSRLGCDGLRLF,45.0,1.653212523426332,45
P00273,CKGKGAKCSRLMYDCCTGSCRSGKC,78.68,1.895864356767056,25
P00274,AMVSEFLKQAWFIENEEQEYVQTLKSSKGGPGSAVSPYPTFNPSSDV,0.79,-0.1023723589700559,47
P00275,,4.5,0.6532126102852178,3
P00276,RGDFK,4.0,0.6020600999015693,5
P00277,HGEGTFTSDLSKQMEEEAVRLFIEWLKNGGPSSGAPPPS,0.65,-0.1870859752123015,39
P00278,RPVNLTMRRKLRKHNCLQRRCMPLHRSVPFP,2.0,0.3010302128111679,31
P00279,IVRWSKKVPCVS,0.7,-0.1549013395654979,12
P00280,ETVTLLVALKVRYRERITAHCKRGARSTC,40.0,1.6020600021853242,29
P00281,LQEHPQARKYKGAQKKGLSKGCFGLKLDRIGSMSGLGC,6.0,0.7781513227660513,38
P00282,CWRLRWHSPLKGM,22.4,1.350248037722309,13
P00283,PGLWNLNAAGYLLATHACG,40.0,1.6020600021853242,19
P00284,GWTLNSAGYLLGPHL,80.0,1.9030899924206248,15
P00285,PFSTQDTDLDLEMLAPYIPMDDDFQLRSFDQLSP,50.0,1.6989700130219083,34
P00286,PGLRPVNLTMRRKLRKHNCLQRRCMPLHSRVPFP,44.2,1.6454222791747588,34
P00287,KFRRQRPRLSHLGPMPF,50.0,1.6989700130219083,17
P00288,YGGFL,95.0,1.9777236098603683,5
P00289,KGSGSGCPRILMRCKQDSDCLAGCVCGPNGFCG,75.0,1.875061269182293,33
P00290,RRPYIL,0.98,-0.0087734811500966,6
P00291,RRWVRRVRRWVRRVVRVVRRWVRR,22.0,1.3424227005628642,24
P00292,MKIILWLCVFGLFLATLFPISWQMPVESGLSSEDSASSESFASKIKRHGEGTFTSDLSKQMEEEAVRLFIEWLKNGGPSSGAPPPSG,2020.0,3.3053513696616212,87
P00293,FQWAVGH,40.2,1.6042260638878152,7
P00294,AKRLKKLAKKIWKWK,10.0,1.000000043429446,15
P00295,FLFRPRN,20.0,1.3010300173787048,7
P00296,RLYMRYYSPTTRRYG,52.0,1.716003351986616,15
P00297,ENGTISRY,31.08,1.4924810241023154,8
P00298,SYSRNHTY,6.4,0.8061800418423947,8
P00299,EPWNSSIT,13.0,1.1139433857141032,8
P00300,SEGGNDSR,13.2,1.1205739641069457,8
P00301,ASSGNATG,18.78,1.2736956110554634,8
P00302,IGLHDPSHGTLPNGS,55.9,1.7474118156555551,15
P00303,VPGVGVPGKGVPGVGDPNYPRGHEAEDLQVGQVELGGGPGAGSLQPLALEGSLQ,72.3,1.85913830330137,54
P00304,NSEIQNAVEVEEVVLPSIESPTENLPNNGSVVQPPSRSSPAGRPAIWIKDFVWGHIRPRRLTNDRLADMPLERRESWARTQEEGG,1445.0,3.1598678473931163,85
P00305,ALLANHEELFQTGGGSK,22.7,1.356025876325038,17
P00306,QLELTFHANLEAGGGSK,19.5,1.2900346336340294,17
P00307,KDQSPLAGESGETEYITEVYGNQQNPVDIDKKLPNETGFSGNMVETEDT,0.81,-0.0915144449556541,49
P00308,KDQSPLAGESGETEYITEVYGNQYNSVDPDKKLINEGGFSTNMVEPEDT,0.86,-0.0655010437631422,49
P00309,GVPGVGY,0.2,-0.698967832869038,7
P00310,GVPGSGY,0.2,-0.698967832869038,7
P00311,LVIWINGDK,400.0,2.6020599924136985,9
P00312,GYNGLAEVGK,1100.0,3.0413926855530384,10
P00313,LYPFTWDAVRYNGK,18.0,1.2552725292307767,14
P00314,YENGKYDIK,12.0,1.07918128223883,9
P00315,DVGVDNAGAK,120.0,2.0791812496667457,10
P00316,TAVINAASGR,630.0,2.799340550142938,10
P00317,IAVEEEE,31.0,1.491361707843772,7
P00318,AREYGTRFSLIGGYRGGGGKKKK,104.5,2.019116294603001,23
P00319,VIWINGDKGY,980.0,2.9912260761356526,10
P00320,VIWINGDKGYNGL,1300.0,3.1139433526409093,13
P00321,VRYNGKL,150.0,2.176091261950978,7
P00322,FKYENGKY,30.0,1.4771212691961448,8
P00323,TINGPWAWSN,10.0,1.000000043429446,10
P00324,VGVDNAGAKAGLTF,30.0,1.4771212691961448,14
P00325,YAVRTAVINAASGRQTVDE,30.0,1.4771212691961448,19
P00326,VDLIKNKHMNADTDY,270.0,2.4313637657674856,15
P00327,SAGINAASPNKEL,3800.0,3.5797835967310982,13
P00328,AKDPRIAATMENAQKGEIM,35.0,1.5440680567586893,19
P00329,TLQPPASSRRRHFHHALPPAR,0.97,-0.0132278180077159,21
P00330,HGEGTFTSDVSYLEGQAAKEFIAWLVKGR,4.0,0.6020600999015693,29
P00331,HGEGTFTSDVSSYLEGQAAKEFIAWLVKGR,4.0,0.6020600999015693,30
P00332,RPKPQQFFGLM,0.8,-0.0969094701402932,11
P00333,DNWWPKPPHQGPRPPRPRPKP,0.3,-0.5228772976344773,21
P00334,MTCHHEDEGDEGQWECPYGLCWIQPEG,5.0,0.6989700911949065,27
P00335,QWECPYGLCWIQ,8.6,0.934498501742923,12
P00336,NKVPNLRGDLQVLAQKVART,77.0,1.88649073081267,20
P00337,GNKVPNLRGDLQVLAQKVART,60.0,1.778151257621885,21
P00338,HGEGTFTSDLSKQMEEEAVRLFIEWLKNGGP,1.2,0.0791816079595422,31
P00339,HGEGTFTSDLSKQMEEEAVRLFIEWLKNGPSSGAPPPS,0.22,-0.6575753451164534,38
P00340,ACRWPARCVHQDLCG,1.8,0.2552727463779512,15
P00341,EYEKEYEACRWPARCVHQDLCG,48.0,1.6812412464233888,22
P00342,RGDYK,14.6,1.1643528855306335,5
P00343,MCGPGVGVPGGVPGWPGSG,3.63,0.5599067446764492,19
P00344,MCLPVASCGGPGVGVPGGVPGWPGSGGC,39.12,1.5923988572171608,28
P00345,RNPTMSMSFLLAGGLVLAMTLGVGA,15.0,1.1760912880086458,25
P00346,HGEGTFTSDLSKQMEEEAVRLFIEWLKNGGPSSGAPPPSNH,0.7,-0.1549013395654979,41
P00347,HGEGTFTSDLSKQMEEEAVRLFIEWLKNGGPSSGAPPPSC,6.2,0.7923917595457454,40
P00348,ARTKQTARKSTGGKAPRKQLATKAARKSAP,9.63,0.9836263322226092,30
P00349,HGEGTFTSDSKQEEEAVRLFIEWLKNGGPSSGAPPPS,94.0,1.9731278582198528,37
P00350,HGEGTFTSDLSKQEEEAVRLFIWLKGGPSSGAPPPS,128.0,2.107209973040794,36
P00351,HGEGTFTSDSKQEEEAVRLFIWLKGGPSSGAPPPS,295.0,2.4698220174503476,35
P00352,GSNCTANYLSFLSPEHQKAQQRKESKKPPAKLQPRC,8.0,0.9030900412787504,36
P00353,MGWSLILLFLVAVATRVLS,2.0,0.3010302128111679,19
P00354,GIVEQCCTSICSLYQLENYCN,20.0,1.3010300173787048,21
P00355,MAERAALEELVKLQGERVRGLKQQKASAELIEEEVAKLLKLKAQLGPDESKQKFVLKTPKHHHHHH,0.5,-0.3010291270758859,66
P00356,KMDGCRFGTCTVQKLAHQIYQFTDKDKDNVAPRSKISPQGY,1.5,0.1760915485852393,41
P00357,MHSDAVFTDNYTRLRKQMAVKKYLNSILN,45.8,1.6608654874862814,29
