epoch,train_loss,train_mse,train_mae,train_rmse,train_r2,train_mape,train_spearman,train_pearson,train_max_error,train_median_ae,train_explained_variance,train_accuracy,train_precision,train_recall,train_f1,val_loss,val_mse,val_mae,val_rmse,val_r2,val_mape,val_spearman,val_pearson,val_max_error,val_median_ae,val_explained_variance,val_accuracy,val_precision,val_recall,val_f1,is_best,early_stopped
1,0.8095389392815138,2.3206522464752197,1.2346163988113403,1.523368716521125,-0.37781620025634766,38238.1875,-0.06071807486672289,-0.0490899533033371,5.048756122589111,1.0890558958053589,-0.37552380561828613,0.3007518796992481,0.27688983855650523,0.30230677562138236,0.23814655172413793,0.713523196546655,2.1793177127838135,1.1046603918075562,1.476251236336083,-0.28038132190704346,1.6980024576187134,0.09060567940464409,0.06077616661787033,3.891221046447754,0.8261444568634033,0.00022238492965698242,0.3157894736842105,0.10526315789473684,0.3333333333333333,0.16,True,False
2,0.7012120857274622,1.8753843307495117,1.1273117065429688,1.3694467243195376,-0.11345183849334717,17510.673828125,-0.037619836419636954,-0.03886021673679352,4.27607536315918,1.0179702043533325,-0.08221089839935303,0.3233082706766917,0.33662714097496704,0.3256298944501192,0.1829271803465352,0.6614758874240675,1.8805660009384155,1.0778104066848755,1.3713373038528542,-0.10486042499542236,1.41584050655365,0.10701975176055788,0.002494117710739374,3.622899293899536,0.878646969795227,4.470348358154297e-06,0.3157894736842105,0.10526315789473684,0.3333333333333333,0.16,True,False
3,0.7099923872409907,1.9497710466384888,1.128982663154602,1.39634202351662,-0.1576167345046997,15975.0634765625,-0.08943482097924403,-0.09412969648838043,4.375607490539551,1.005741000175476,-0.10247695446014404,0.3157894736842105,0.17470355731225298,0.3180966973101804,0.17378081894210928,0.6528129514894987,1.7266957759857178,1.091245174407959,1.3140379659605417,-0.014459371566772461,1.193562388420105,-0.20867757321818392,-0.212326318025589,3.354705333709717,0.9710256457328796,-0.0006272792816162109,0.3157894736842105,0.10526315789473684,0.3333333333333333,0.16,False,False
4,0.6763133276674084,1.7338374853134155,1.1029540300369263,1.3167526287474862,-0.02941274642944336,11295.4892578125,0.06736725861490617,0.02944204770028591,4.3478851318359375,1.0442862510681152,-0.028576135635375977,0.34210526315789475,0.2658356136617006,0.34444160708205657,0.2053935943879018,0.7221971389494444,2.2223448753356934,1.1120842695236206,1.4907531235371245,-0.3056604862213135,1.735137701034546,-0.10822345039999155,-0.08736039698123932,3.924048900604248,0.8266485929489136,-0.0004919767379760742,0.3157894736842105,0.10526315789473684,0.3333333333333333,0.16,False,False
5,0.6861354291887212,1.9278963804244995,1.0972950458526611,1.388487083276074,-0.14462924003601074,16639.1328125,0.028869769471543436,-0.025856396183371544,4.855775833129883,0.8936225771903992,-0.07822072505950928,0.32706766917293234,0.184946621339536,0.3293326523663602,0.19491799741044455,0.6523007562285975,1.7306815385818481,1.0904605388641357,1.315553700379368,-0.016800999641418457,1.2041854858398438,-0.22684247995872855,-0.17505213618278503,3.36826229095459,0.971549391746521,-0.0005509853363037109,0.3157894736842105,0.10526315789473684,0.3333333333333333,0.16,False,False
6,0.6704423364840055,1.7630512714385986,1.0849641561508179,1.3277994093380967,-0.04675769805908203,20365.201171875,-0.02843237770367138,0.021392839029431343,3.832080125808716,0.9851909875869751,-0.01150214672088623,0.3308270676691729,0.11027568922305764,0.3333333333333333,0.1657250470809793,0.6514340764597842,1.7739665508270264,1.0851064920425415,1.3319033564140554,-0.04223155975341797,1.2862781286239624,-0.14903977699169718,-0.16578887403011322,3.4679341316223145,0.9137997627258301,-0.0005254745483398438,0.3157894736842105,0.10526315789473684,0.3333333333333333,0.16,False,False
7,0.6843583090861041,1.8475415706634521,1.1014220714569092,1.3592430138365443,-0.09692108631134033,25540.9375,-0.07524796160455427,-0.11082316935062408,4.250473499298096,0.9884048700332642,-0.05428814888000488,0.3308270676691729,0.11069182389937106,0.3333333333333333,0.16619452313503305,0.6564945609946,1.8398427963256836,1.0792160034179688,1.3564080493441801,-0.08093488216400146,1.3719923496246338,-0.007769327581799192,0.009658641181886196,3.572242259979248,0.8739311695098877,3.0875205993652344e-05,0.3157894736842105,0.10526315789473684,0.3333333333333333,0.16,False,False
8,0.6757407537976602,1.7632344961166382,1.0965871810913086,1.3278684031622403,-0.046866416931152344,19450.3984375,-0.053281139618239416,-0.025942353531718254,3.9995946884155273,1.0146541595458984,-0.024042367935180664,0.3308270676691729,0.11027568922305764,0.3333333333333333,0.1657250470809793,0.6518626464040655,1.7882112264633179,1.0833930969238281,1.3372401528758093,-0.050600528717041016,1.308676838874817,-0.08732286493346135,0.060375504195690155,3.4935383796691895,0.8984646797180176,0.00016295909881591797,0.3157894736842105,0.10526315789473684,0.3333333333333333,0.16,False,False
9,0.6695397157866255,1.7993799448013306,1.0865201950073242,1.341409685667034,-0.06832671165466309,20391.8125,-0.02382254901312479,-0.0427841879427433,4.2387800216674805,0.9777324199676514,-0.021233677864074707,0.3308270676691729,0.11027568922305764,0.3333333333333333,0.1657250470809793,0.6562374516537315,1.8379548788070679,1.0792306661605835,1.3557119453656326,-0.07982563972473145,1.3711576461791992,-0.08425890476035743,0.10902810096740723,3.5701205730438232,0.8733049631118774,0.00048220157623291016,0.3157894736842105,0.10526315789473684,0.3333333333333333,0.16,False,False
10,0.6764112502980725,1.7961968183517456,1.0950732231140137,1.3402226749132942,-0.066436767578125,16363.8515625,-0.05510498677858638,-0.05044308304786682,4.005709648132324,0.9936907291412354,-0.03153049945831299,0.3308270676691729,0.11027568922305764,0.3333333333333333,0.1657250470809793,0.646761489541907,1.7035235166549683,1.0843926668167114,1.3051909885740738,-0.0008453130722045898,1.1731945276260376,0.2663456807619611,0.37625575065612793,3.3531084060668945,0.9723962545394897,0.011464178562164307,0.3157894736842105,0.10526315789473684,0.3333333333333333,0.16,False,False
11,0.698749428236843,1.8816136121749878,1.1195991039276123,1.3717192176881492,-0.11715030670166016,19785.19140625,-0.07108827662846494,-0.08378945291042328,4.34205436706543,1.0243964195251465,-0.08178865909576416,0.32706766917293234,0.10984848484848485,0.32954545454545453,0.16477272727272727,0.65366981845153,1.8139947652816772,1.0810651779174805,1.346846229263637,-0.06574881076812744,1.3416622877120972,0.15866936610716662,0.23109222948551178,3.5339951515197754,0.8738620281219482,0.00021499395370483398,0.3157894736842105,0.10526315789473684,0.3333333333333333,0.16,False,False
12,0.671092727130517,1.7454601526260376,1.0962592363357544,1.3211586402192728,-0.036313414573669434,16519.931640625,-0.048912003919488314,-0.07051214575767517,4.097121238708496,1.027367353439331,-0.01903998851776123,0.3308270676691729,0.11027568922305764,0.3333333333333333,0.1657250470809793,0.6505783074780515,1.7527228593826294,1.0867879390716553,1.3239043996386708,-0.029750585556030273,1.2516719102859497,0.1681895280735966,0.2674928903579712,3.4247255325317383,0.9312843084335327,0.00021064281463623047,0.3157894736842105,0.10526315789473684,0.3333333333333333,0.16,False,False
13,0.659493971027826,1.7479431629180908,1.0745447874069214,1.3220980156244433,-0.037787556648254395,21907.28125,0.0463316475279749,0.036186493933200836,4.131885051727295,0.9571436047554016,-0.0008727312088012695,0.3308270676691729,0.11027568922305764,0.3333333333333333,0.1657250470809793,0.6654878070479945,1.9092395305633545,1.078160285949707,1.3817523405311658,-0.12170648574829102,1.4463614225387573,0.22565112716130442,0.2163596898317337,3.654639720916748,0.904136598110199,0.00010037422180175781,0.3157894736842105,0.10526315789473684,0.3333333333333333,0.16,False,False
14,0.6660033116271173,1.7814197540283203,1.0841329097747803,1.3346983756745643,-0.05766332149505615,20712.736328125,-0.022086690284215647,-0.007633116561919451,4.176668167114258,0.9324892163276672,-0.010324716567993164,0.3308270676691729,0.11027568922305764,0.3333333333333333,0.1657250470809793,0.651969125396327,1.791967511177063,1.082915186882019,1.3386439075336887,-0.05280745029449463,1.3133695125579834,0.24938447266085012,0.30656784772872925,3.4991512298583984,0.8924490809440613,0.00019878149032592773,0.3157894736842105,0.10526315789473684,0.3333333333333333,0.16,False,False
15,0.6606213385449317,1.7359375953674316,1.0805039405822754,1.3175498454963408,-0.03065967559814453,18071.775390625,0.014768029340309834,0.018319521099328995,4.126381874084473,0.9741643667221069,-0.006809115409851074,0.3308270676691729,0.11027568922305764,0.3333333333333333,0.1657250470809793,0.659726945977462,1.8678826093673706,1.0777366161346436,1.3667050191491106,-0.09740865230560303,1.4024211168289185,0.1179624666645004,0.2449144572019577,3.6063127517700195,0.8775407671928406,0.00020927190780639648,0.3157894736842105,0.10526315789473684,0.3333333333333333,0.16,True,False
16,0.6633385902732835,1.7533276081085205,1.081939697265625,1.324132775860684,-0.040984392166137695,18532.900390625,-0.003398393764953433,0.0037577275652438402,4.188689231872559,0.9840909242630005,-0.006001710891723633,0.3308270676691729,0.11027568922305764,0.3333333333333333,0.1657250470809793,0.6565955940045809,1.8418687582015991,1.0790103673934937,1.3571546552259985,-0.08212518692016602,1.3748390674591064,0.17136291539573995,0.21837873756885529,3.5733346939086914,0.8727631568908691,0.0003108978271484375,0.3157894736842105,0.10526315789473684,0.3333333333333333,0.16,False,False
17,0.6835122852397144,1.7945630550384521,1.1061038970947266,1.3396130243613087,-0.06546664237976074,14735.8486328125,-0.06866891356258956,-0.0679994747042656,4.046515464782715,1.0386021137237549,-0.042617082595825195,0.3308270676691729,0.11027568922305764,0.3333333333333333,0.1657250470809793,0.6506689598685816,1.7655363082885742,1.0853601694107056,1.3287348525151939,-0.03727865219116211,1.2741755247116089,0.30520901729043554,0.33456045389175415,3.4516444206237793,0.9136816263198853,0.0003082752227783203,0.3157894736842105,0.10526315789473684,0.3333333333333333,0.16,False,False
18,0.6777846423306859,1.840012550354004,1.089333176612854,1.356470622739027,-0.09245097637176514,21101.97265625,-0.16288922129659117,-0.17320320010185242,4.1529154777526855,0.939419150352478,-0.03740262985229492,0.3308270676691729,0.11027568922305764,0.3333333333333333,0.1657250470809793,0.6580553697912317,1.8546347618103027,1.0781513452529907,1.3618497574293218,-0.08962535858154297,1.3878694772720337,0.18930896783820564,0.3009190261363983,3.590019941329956,0.8770438432693481,0.00020253658294677734,0.3157894736842105,0.10526315789473684,0.3333333333333333,0.16,False,False
19,0.6580087116786412,1.7428900003433228,1.076812505722046,1.3201855931433741,-0.03478741645812988,18192.7265625,0.09819477068594107,0.06770756095647812,4.083078384399414,0.9693006277084351,0.004574298858642578,0.3308270676691729,0.11027568922305764,0.3333333333333333,0.1657250470809793,0.6648293043437757,1.9049577713012695,1.077808141708374,1.3802020762559624,-0.11919093132019043,1.4415907859802246,0.1387536249819912,0.23235176503658295,3.649831771850586,0.9044784307479858,0.00019943714141845703,0.3157894736842105,0.10526315789473684,0.3333333333333333,0.16,False,False
20,0.6779330012045408,1.8335392475128174,1.092333197593689,1.354082437487769,-0.08860766887664795,22887.8828125,-0.15571497614776264,-0.1406949758529663,4.159631252288818,0.9457387924194336,-0.029630064964294434,0.3308270676691729,0.11027568922305764,0.3333333333333333,0.1657250470809793,0.6626821003462139,1.8905032873153687,1.0775539875030518,1.3749557401296117,-0.11069869995117188,1.427097201347351,0.19806313976135967,0.32594165205955505,3.6334476470947266,0.8890788555145264,0.0005690455436706543,0.3157894736842105,0.10526315789473684,0.3333333333333333,0.16,True,False
21,0.6631201451882384,1.7597872018814087,1.0782111883163452,1.3265697124091929,-0.04481971263885498,23672.3125,0.005477598655668844,0.014894048683345318,4.277756214141846,0.9716176986694336,-0.002804875373840332,0.3308270676691729,0.11027568922305764,0.3333333333333333,0.1657250470809793,0.653940244724876,1.8169705867767334,1.0807499885559082,1.3479505134747096,-0.0674971342086792,1.3455554246902466,0.2271707614058468,0.29539966583251953,3.53849196434021,0.8739694356918335,0.00034809112548828125,0.3157894736842105,0.10526315789473684,0.3333333333333333,0.16,False,False
22,0.6802191599867398,1.7454272508621216,1.108954906463623,1.3211461883009472,-0.036293864250183105,17467.033203125,-0.17619332716892105,-0.1444573998451233,3.846409797668457,1.0639846324920654,-0.026750683784484863,0.3308270676691729,0.11027568922305764,0.3333333333333333,0.1657250470809793,0.657834645948912,1.8533841371536255,1.07793390750885,1.3613905160363156,-0.08889055252075195,1.387429118156433,0.112709963510608,0.26949381828308105,3.5896694660186768,0.8772811889648438,0.0006935596466064453,0.3157894736842105,0.10526315789473684,0.3333333333333333,0.16,False,False
23,0.6658305947045634,1.848676323890686,1.0691416263580322,1.3596603707877515,-0.09759485721588135,26755.1953125,0.04574601438104999,0.06928194314241409,4.2975616455078125,0.8840653896331787,0.004598557949066162,0.3308270676691729,0.11027568922305764,0.3333333333333333,0.1657250470809793,0.6531380885525754,1.8149257898330688,1.0796895027160645,1.347191816273046,-0.06629574298858643,1.3444727659225464,0.18701099770837776,0.29473596811294556,3.541851043701172,0.8725064992904663,0.002178788185119629,0.3157894736842105,0.10526315789473684,0.3333333333333333,0.16,False,False
24,0.6697993753547955,1.7014278173446655,1.0973403453826904,1.3043879090763857,-0.010170578956604004,15716.9873046875,-0.02725122865121805,-0.00772160803899169,3.913788318634033,1.0630282163619995,-0.004691958427429199,0.3308270676691729,0.11027568922305764,0.3333333333333333,0.1657250470809793,0.6508278156581678,1.775062918663025,1.0842959880828857,1.3323148721916396,-0.04287576675415039,1.2893760204315186,0.16721383234843507,0.2291686236858368,3.4713058471679688,0.9139386415481567,0.0005211234092712402,0.3157894736842105,0.10526315789473684,0.3333333333333333,0.16,False,False
25,0.6607771986409238,1.767072319984436,1.0779740810394287,1.3293127246755883,-0.049144864082336426,21455.70703125,0.05685295985675145,0.05174149572849274,4.119675159454346,0.929848313331604,0.0017787814140319824,0.3308270676691729,0.11027568922305764,0.3333333333333333,0.1657250470809793,0.6580954429350401,1.8556922674179077,1.078059196472168,1.3622379628456651,-0.09024667739868164,1.3889137506484985,0.11117798342405603,0.16541458666324615,3.5923399925231934,0.875603437423706,0.0002880692481994629,0.3157894736842105,0.10526315789473684,0.3333333333333333,0.16,False,False
26,0.6567968076333067,1.7085515260696411,1.077830195426941,1.30711572787938,-0.014400005340576172,16926.5078125,0.09436344833442038,0.12023818492889404,4.093228340148926,1.0081706047058105,0.011478960514068604,0.3308270676691729,0.11027568922305764,0.3333333333333333,0.1657250470809793,0.6551987811138755,1.8298656940460205,1.0798673629760742,1.3527252840270343,-0.07507312297821045,1.360632061958313,0.17552114705923808,0.1794721931219101,3.5582690238952637,0.8706845045089722,0.0002637505531311035,0.3157894736842105,0.10526315789473684,0.3333333333333333,0.16,False,False
27,0.6614873714016792,1.7441741228103638,1.0804007053375244,1.320671845240279,-0.03554987907409668,18959.48046875,0.02765929094194416,0.016562767326831818,4.017062664031982,0.9818923473358154,-0.001473069190979004,0.3308270676691729,0.11027568922305764,0.3333333333333333,0.1657250470809793,0.660934738422695,1.8773781061172485,1.077684998512268,1.3701744801729627,-0.10298740863800049,1.4128320217132568,0.00021886627270737577,0.16858190298080444,3.619746446609497,0.8768612146377563,0.0002967715263366699,0.3157894736842105,0.10526315789473684,0.3333333333333333,0.16,False,False
28,0.6717647659151178,1.7388156652450562,1.0971243381500244,1.3186415984812008,-0.03236842155456543,17163.380859375,-0.04954481926877843,-0.08373501896858215,3.992971420288086,1.050292730331421,-0.02022993564605713,0.3308270676691729,0.11027568922305764,0.3333333333333333,0.1657250470809793,0.6612203764288049,1.879010796546936,1.077770471572876,1.3707701472336404,-0.10394668579101562,1.4148752689361572,-0.11949444675105236,0.12561511993408203,3.621258020401001,0.8777930736541748,0.00023001432418823242,0.3157894736842105,0.10526315789473684,0.3333333333333333,0.16,False,False
29,0.6768435061089975,1.8597816228866577,1.0877405405044556,1.3637381064143723,-0.10418820381164551,24512.625,-0.11386372505249466,-0.1273716390132904,4.1835174560546875,0.8847243785858154,-0.031557440757751465,0.3308270676691729,0.11027568922305764,0.3333333333333333,0.1657250470809793,0.6589176278365286,1.8624536991119385,1.0775606632232666,1.36471744295731,-0.09421908855438232,1.3968616724014282,0.2793675114976526,0.2967201769351959,3.6015102863311768,0.8769819736480713,0.0006183385848999023,0.3157894736842105,0.10526315789473684,0.3333333333333333,0.16,False,False
30,0.6603134514805966,1.7299878597259521,1.0789556503295898,1.3152900287487745,-0.02712726593017578,18163.462890625,0.04600838568204029,0.04097473621368408,4.026899814605713,1.0001628398895264,0.0013099312782287598,0.3308270676691729,0.11027568922305764,0.3333333333333333,0.1657250470809793,0.6543065623233193,1.8206158876419067,1.0804352760314941,1.3493020001622715,-0.06963872909545898,1.3506587743759155,-0.048695081322544236,0.20342139899730682,3.5455446243286133,0.8723732829093933,0.00047892332077026367,0.3157894736842105,0.10526315789473684,0.3333333333333333,0.16,False,False
31,0.6630110664475233,1.7561103105545044,1.079901933670044,1.3251831234038955,-0.04263663291931152,20703.51953125,-0.03398393764953433,0.016913454979658127,3.931291103363037,0.995184063911438,-0.002057671546936035,0.3308270676691729,0.11027568922305764,0.3333333333333333,0.1657250470809793,0.6630389062981856,1.8939558267593384,1.077260971069336,1.376210676734975,-0.11272704601287842,1.4323935508728027,0.20178366282870014,0.29954785108566284,3.6421914100646973,0.8941874504089355,0.001370251178741455,0.3157894736842105,0.10526315789473684,0.3333333333333333,0.16,True,False
32,0.6568702620671207,1.7786195278167725,1.0657554864883423,1.3336489522422206,-0.056000709533691406,20632.43359375,0.0929215219742999,0.09801514446735382,4.201202869415283,0.898003101348877,0.008481979370117188,0.3308270676691729,0.11027568922305764,0.3333333333333333,0.1657250470809793,0.6547215251546157,1.8328933715820312,1.078334093093872,1.353843924380514,-0.07685196399688721,1.3651739358901978,0.35793620450795993,0.32525044679641724,3.5673489570617676,0.8666607141494751,0.0021424293518066406,0.3157894736842105,0.10526315789473684,0.3333333333333333,0.16,False,False
33,0.6657031144862785,1.73067307472229,1.0896415710449219,1.3155504835323844,-0.027533888816833496,18837.443359375,-0.011524571726366475,-0.02634117379784584,4.056645393371582,1.0223416090011597,-0.006768226623535156,0.3308270676691729,0.11027568922305764,0.3333333333333333,0.1657250470809793,0.6526213978466234,1.8047165870666504,1.0812495946884155,1.3433974047416686,-0.06029772758483887,1.33230721950531,0.20583246734315885,0.26007452607154846,3.5243735313415527,0.8738027215003967,0.0012069940567016602,0.3157894736842105,0.10526315789473684,0.3333333333333333,0.16,False,False
34,0.6546909600160176,1.7263298034667969,1.0743885040283203,1.313898703655193,-0.024955272674560547,19485.849609375,0.06988194248150585,0.09654513001441956,4.165286064147949,0.962252140045166,0.008448660373687744,0.3308270676691729,0.11027568922305764,0.3333333333333333,0.1657250470809793,0.6517153790122584,1.8110671043395996,1.0773847103118896,1.345758932476244,-0.06402873992919922,1.3500473499298096,0.32007441094031885,0.33253738284111023,3.549750804901123,0.8686177730560303,0.0065691471099853516,0.3157894736842105,0.10526315789473684,0.3333333333333333,0.16,False,False
35,0.655767902395779,1.7302446365356445,1.0724010467529297,1.3153876373661282,-0.02727973461151123,17079.5078125,0.05228648778459452,0.08291523158550262,4.164566993713379,0.9681440591812134,0.004372537136077881,0.33458646616541354,0.3324883819180397,0.3370360912495744,0.17973491886535364,0.6507265191329153,1.813373327255249,1.0738388299942017,1.346615508322717,-0.0653836727142334,1.3736549615859985,0.23307982745397576,0.30744054913520813,3.5738062858581543,0.8712702989578247,0.014172494411468506,0.3157894736842105,0.10526315789473684,0.3333333333333333,0.16,True,False
36,0.6566380576083535,1.6901310682296753,1.0780575275421143,1.3000504098801997,-0.0034633874893188477,16339.9169921875,0.06624763770472639,0.09027578681707382,3.9799070358276367,1.0037959814071655,0.003989100456237793,0.3308270676691729,0.2522522522522523,0.33320565202587676,0.1841378482228626,0.6684876194125727,1.931724190711975,1.0780853033065796,1.3898648102286693,-0.1349165439605713,1.4781275987625122,0.05613612745722514,0.25035956501960754,3.6880459785461426,0.8944936394691467,0.00422137975692749,0.3157894736842105,0.10526315789473684,0.3333333333333333,0.16,False,False
37,0.6505182887378492,1.7611573934555054,1.0645334720611572,1.327086053523096,-0.04563319683074951,15574.7783203125,0.0008684075624515151,0.08799346536397934,4.247739315032959,0.8976262807846069,0.0035108327865600586,0.33458646616541354,0.3324883819180397,0.3370360912495744,0.17973491886535364,0.6493437854867232,1.8353866338729858,1.063348650932312,1.3547644200646052,-0.07831680774688721,1.4268516302108765,0.164687859304335,0.25254595279693604,3.6430649757385254,0.8974637389183044,0.02953726053237915,0.3157894736842105,0.10526315789473684,0.3333333333333333,0.16,True,False
38,0.64017674859081,1.7462177276611328,1.0438730716705322,1.3214453176961705,-0.03676319122314453,30695.353515625,0.10985546944210446,0.2072119414806366,3.9022302627563477,0.8434705138206482,0.018652617931365967,0.3609022556390977,0.36244979919678716,0.3631256384065373,0.242362583015402,0.641082376241684,1.7818262577056885,1.0624239444732666,1.3348506499626422,-0.04684925079345703,1.3696085214614868,0.2721453196610506,0.2586136758327484,3.5831332206726074,0.8688514232635498,0.03204166889190674,0.3157894736842105,0.10526315789473684,0.3333333333333333,0.16,True,False
39,0.6333710782061842,1.6878348588943481,1.037551999092102,1.2991669865318884,-0.002100229263305664,15551.8544921875,0.06464280522698009,0.1981962025165558,4.34504508972168,0.8978676199913025,0.0384792685508728,0.34962406015037595,0.3414411675281241,0.35188968335035753,0.22304640331205797,0.625017131629743,1.7742605209350586,1.0371476411819458,1.33201370898916,-0.04240429401397705,1.4218255281448364,0.21699403654518026,0.25122734904289246,3.6574268341064453,0.9042689800262451,0.059053003787994385,0.34210526315789475,0.44144144144144143,0.358974358974359,0.2108843537414966,True,False
40,0.6464254777682455,1.7665698528289795,1.0515953302383423,1.3291237161487186,-0.04884660243988037,8349.4384765625,0.07090114181232725,0.12677717208862305,4.329401969909668,0.8583369851112366,0.00993037223815918,0.3383458646616541,0.33247863247863246,0.3407388491658154,0.19282113329300263,0.6313113946663705,1.7425906658172607,1.055162787437439,1.320072219924827,-0.02379775047302246,1.3523814678192139,0.21491492071343116,0.2518383264541626,3.5654280185699463,0.8706779479980469,0.04424363374710083,0.34210526315789475,0.44144144144144143,0.358974358974359,0.2108843537414966,False,False
41,0.6367986878954378,1.678910255432129,1.047093152999878,1.2957276933955408,0.0031985044479370117,17412.498046875,0.023702999513888618,0.17998917400836945,3.9290077686309814,0.9244285821914673,0.02956300973892212,0.3609022556390977,0.36200000000000004,0.3631256384065373,0.24187094956325725,0.6197422617360165,1.697800874710083,1.0478143692016602,1.3029968820799545,0.0025168657302856445,1.3176852464675903,0.2731301640024054,0.2502673268318176,3.5289154052734375,0.8735844492912292,0.05382680892944336,0.34210526315789475,0.44144144144144143,0.358974358974359,0.2108843537414966,False,False
42,0.6344249633918131,1.694820761680603,1.0428695678710938,1.30185281874742,-0.006247758865356445,26468.92578125,0.0806707268899068,0.1933629959821701,4.314967155456543,0.9519814848899841,0.030147910118103027,0.3533834586466165,0.34920634920634924,0.35563500170241746,0.22943080144679232,0.6366930039305436,1.7972447872161865,1.049928903579712,1.340613586092647,-0.0559079647064209,1.4235082864761353,0.17015921675630627,0.24969226121902466,3.6480696201324463,0.9015083909034729,0.047975361347198486,0.34210526315789475,0.44144144144144143,0.358974358974359,0.2108843537414966,False,False
43,0.6335055335123736,1.626253604888916,1.0550693273544312,1.2752464878951504,0.0344618558883667,15091.9013671875,0.1369460235663491,0.21189634501934052,4.130434036254883,1.0000555515289307,0.04470264911651611,0.3533834586466165,0.3398333333333334,0.35559244126659856,0.2335493566262797,0.6399086902016088,1.8309611082077026,1.0483481884002686,1.3531301150324393,-0.07571673393249512,1.4708184003829956,0.06992394823619273,0.2496238648891449,3.698747158050537,0.8839014768600464,0.052230894565582275,0.34210526315789475,0.44144144144144143,0.358974358974359,0.2108843537414966,False,False
44,0.627448302462585,1.724308729171753,1.023842692375183,1.3131293649796096,-0.023755431175231934,24340.578125,0.11601402204542251,0.21986892819404602,4.460359573364258,0.8413190245628357,0.04677116870880127,0.35714285714285715,0.34640522875817,0.3593377596186585,0.23966556557117,0.6246453476579565,1.742024302482605,1.0437954664230347,1.3198576826622652,-0.02346503734588623,1.3739053010940552,-0.08447775905843628,0.24939139187335968,3.5972564220428467,0.8772431015968323,0.054049134254455566,0.34210526315789475,0.44144144144144143,0.358974358974359,0.2108843537414966,False,False
45,0.6383592849387262,1.7149966955184937,1.0474218130111694,1.3095788237133699,-0.0182267427444458,22721.037109375,0.005812656052194741,0.16474656760692596,4.404267311096191,0.8793193101882935,0.02072995901107788,0.34962406015037595,0.3414411675281241,0.35188968335035753,0.22304640331205797,0.637296094706184,1.820084810256958,1.0466607809066772,1.3491051887295364,-0.06932675838470459,1.4619194269180298,0.08097609028917467,0.24971134960651398,3.690065860748291,0.8922572135925293,0.05341857671737671,0.34210526315789475,0.44144144144144143,0.358974358974359,0.2108843537414966,False,False
46,0.6285665543903982,1.7073042392730713,1.0273876190185547,1.3066385266297145,-0.013659358024597168,29028.560546875,0.11692578622626368,0.22316478192806244,4.325048446655273,0.8533307909965515,0.044098854064941406,0.35714285714285715,0.34640522875817,0.3593377596186585,0.23966556557117,0.6302922979781502,1.7965565919876099,1.0411460399627686,1.340356889782572,-0.05550360679626465,1.4458792209625244,0.09038682510656525,0.24969828128814697,3.6756742000579834,0.9035051465034485,0.05721181631088257,0.34210526315789475,0.44144144144144143,0.358974358974359,0.2108843537414966,False,False
47,0.6154434322414541,1.6266554594039917,1.0219852924346924,1.275404037708832,0.034223198890686035,22602.9921875,0.22960995621962815,0.26857060194015503,4.1594696044921875,0.8912725448608398,0.07157742977142334,0.3609022556390977,0.35229988052568695,0.3630830779707184,0.24567942441774218,0.6269300438855824,1.7847572565078735,1.0385067462921143,1.3359480740312752,-0.04857134819030762,1.4352203607559204,-0.09771844409220674,0.24926796555519104,3.666904926300049,0.9037351608276367,0.058392882347106934,0.34210526315789475,0.44144144144144143,0.358974358974359,0.2108843537414966,False,False
48,0.6260026926384833,1.6864508390426636,1.030868411064148,1.2986342206497807,-0.0012782812118530273,27328.330078125,0.16007869226921506,0.22694240510463715,4.1638712882995605,0.867473840713501,0.04942119121551514,0.3609022556390977,0.35229988052568695,0.3630830779707184,0.24567942441774218,0.6409022212028503,1.8510421514511108,1.0460032224655151,1.3605300994285687,-0.08751463890075684,1.5004210472106934,-0.07134650117370525,0.2494470328092575,3.73040771484375,0.8524590730667114,0.05589497089385986,0.34210526315789475,0.44144144144144143,0.358974358974359,0.2108843537414966,False,False
49,0.631940055610542,1.7045302391052246,1.032301425933838,1.3055765925847571,-0.012012600898742676,19833.328125,-0.011427338133654392,0.204385906457901,4.329349040985107,0.8381624221801758,0.03705167770385742,0.3609022556390977,0.35229988052568695,0.3630830779707184,0.24567942441774218,0.6300371257882369,1.7772716283798218,1.04413902759552,1.3331435137973038,-0.044173359870910645,1.4143433570861816,0.117087049472185,0.24961479008197784,3.641907215118408,0.8951272964477539,0.0537334680557251,0.34210526315789475,0.44144144144144143,0.358974358974359,0.2108843537414966,False,False
50,0.6261956353384749,1.6236389875411987,1.041327953338623,1.2742209335673302,0.0360141396522522,21885.064453125,0.09101733755046625,0.22710849344730377,4.242173194885254,0.9875021576881409,0.04801756143569946,0.3609022556390977,0.35229988052568695,0.3630830779707184,0.24567942441774218,0.627275642595793,1.7667309045791626,1.042385458946228,1.3291843004561716,-0.03798055648803711,1.4060027599334717,-0.09596760970757595,0.24925154447555542,3.6332874298095703,0.8868522047996521,0.05510228872299194,0.34210526315789475,0.44144144144144143,0.358974358974359,0.2108843537414966,False,False
51,0.6238592647968378,1.7176285982131958,1.0215942859649658,1.3105833045683115,-0.01978933811187744,18672.046875,0.09178564233222401,0.2194400280714035,4.434662342071533,0.8178903460502625,0.04646855592727661,0.3609022556390977,0.35229988052568695,0.3630830779707184,0.24567942441774218,0.6321324015918531,1.7933666706085205,1.044141173362732,1.3391664088560915,-0.053629517555236816,1.4346686601638794,0.02232313840404275,0.2493998259305954,3.6626927852630615,0.9036893844604492,0.054328083992004395,0.34210526315789475,0.44144144144144143,0.358974358974359,0.2108843537414966,False,False
52,0.6340585001429221,1.700984001159668,1.0428216457366943,1.3042177736711258,-0.009907007217407227,30409.501953125,0.017103548357387588,0.20100325345993042,4.32215690612793,0.8869283199310303,0.025693297386169434,0.3609022556390977,0.35229988052568695,0.3630830779707184,0.24567942441774218,0.6296610910641519,1.767830729484558,1.045713186264038,1.3295979578370893,-0.038626670837402344,1.4004660844802856,-0.07265962696217836,0.24949759244918823,3.62506103515625,0.879099428653717,0.052301228046417236,0.34210526315789475,0.44144144144144143,0.358974358974359,0.2108843537414966,False,False
53,0.6336302246366229,1.716675043106079,1.0374940633773804,1.3102194637182272,-0.01922309398651123,11853.8193359375,0.008656977738021621,0.17933981120586395,4.329916477203369,0.8763574361801147,0.0298231840133667,0.36466165413533835,0.36735175998110087,0.3668709567585972,0.24793311311423402,0.6387607549366198,1.8315303325653076,1.0466268062591553,1.3533404348371874,-0.07605111598968506,1.4759864807128906,-0.08414947761131801,0.24923713505268097,3.704423666000366,0.8783842921257019,0.054045021533966064,0.34210526315789475,0.44144144144144143,0.358974358974359,0.2108843537414966,False,False
54,0.6238526328557864,1.7075862884521484,1.021602749824524,1.30674645147869,-0.013826966285705566,17718.859375,0.07679477272533795,0.22410166263580322,4.3525471687316895,0.8183405995368958,0.0484580397605896,0.35714285714285715,0.34640522875817,0.3593377596186585,0.23966556557117,0.6288796475059107,1.7920141220092773,1.0399689674377441,1.3386613171408508,-0.05283474922180176,1.4432942867279053,0.2683153694446707,0.25121137499809265,3.672757387161255,0.9041028022766113,0.058318495750427246,0.34210526315789475,0.44144144144144143,0.358974358974359,0.2108843537414966,False,False
55,0.6312037930452734,1.6536448001861572,1.0467262268066406,1.2859412117924198,0.01819920539855957,33892.953125,0.1469559828370595,0.2149813026189804,4.126038551330566,0.9078116416931152,0.042645156383514404,0.35714285714285715,0.34640522875817,0.3593377596186585,0.23966556557117,0.6486492439320213,1.8745747804641724,1.053223729133606,1.3691511167377297,-0.1013404130935669,1.5115407705307007,-0.06565628942365515,0.24890026450157166,3.7374792098999023,0.8505223393440247,0.05008822679519653,0.34210526315789475,0.44144144144144143,0.358974358974359,0.2108843537414966,False,False
56,0.6307457380725029,1.6720021963119507,1.0402196645736694,1.293059239289504,0.007300019264221191,20228.931640625,0.07542425726609453,0.20920391380786896,4.145916938781738,0.8925853371620178,0.0432012677192688,0.3533834586466165,0.3398333333333334,0.35559244126659856,0.2335493566262797,0.640312102280165,1.850000023841858,1.0456234216690063,1.3601470596379857,-0.08690237998962402,1.5001510381698608,-0.12989002590979776,0.2474203109741211,3.7311816215515137,0.8536987900733948,0.055785417556762695,0.34210526315789475,0.44144144144144143,0.358974358974359,0.2108843537414966,False,False
57,0.6297786356811237,1.6927539110183716,1.0384633541107178,1.3010587653977708,-0.005020618438720703,19304.955078125,0.06180996029307987,0.1903526782989502,4.466752052307129,0.8673161268234253,0.03399759531021118,0.3609022556390977,0.35229988052568695,0.3630830779707184,0.24567942441774218,0.6448626612362108,1.8522391319274902,1.0516252517700195,1.3609699232266268,-0.0882178544998169,1.487711787223816,0.11194397346733202,0.2496633529663086,3.713195323944092,0.86869215965271,0.04980361461639404,0.34210526315789475,0.44144144144144143,0.358974358974359,0.2108843537414966,False,False
58,0.6247980437780681,1.708533763885498,1.0255006551742554,1.3071089334426178,-0.014389514923095703,30264.75390625,0.05559721191677476,0.2119939923286438,4.265061378479004,0.820387601852417,0.03717923164367676,0.3609022556390977,0.35229988052568695,0.3630830779707184,0.24567942441774218,0.6305680620042902,1.7618534564971924,1.0484578609466553,1.32734828002947,-0.03511500358581543,1.3869938850402832,0.17836625293426314,0.24981768429279327,3.6080126762390137,0.8770336508750916,0.04958164691925049,0.34210526315789475,0.44144144144144143,0.358974358974359,0.2108843537414966,False,False
59,0.6330526296357463,1.672690510749817,1.0415574312210083,1.2933253692516113,0.006891429424285889,17774.609375,0.03475319882728598,0.18988285958766937,4.123069763183594,0.9321762323379517,0.033944010734558105,0.3609022556390977,0.35229988052568695,0.3630830779707184,0.24567942441774218,0.6309489152933422,1.7665742635726929,1.0480326414108276,1.3291253754152363,-0.037888526916503906,1.3942428827285767,0.18755813345357486,0.2506285011768341,3.615015745162964,0.8770542144775391,0.05017930269241333,0.34210526315789475,0.44144144144144143,0.358974358974359,0.2108843537414966,False,False
60,0.6255107430138982,1.6648714542388916,1.0290591716766357,1.2902989786242922,0.011533617973327637,25419.00390625,0.107347480347462,0.22781160473823547,4.161905765533447,0.9214152097702026,0.04908418655395508,0.36466165413533835,0.36735175998110087,0.3668709567585972,0.24793311311423402,0.6365072915428563,1.8048583269119263,1.048341989517212,1.3434501579559721,-0.06038093566894531,1.4394644498825073,0.1847130275785498,0.2506895363330841,3.663752794265747,0.9035636186599731,0.05074262619018555,0.34210526315789475,0.44144144144144143,0.358974358974359,0.2108843537414966,False,False
61,0.6238084664022115,1.6461442708969116,1.0317797660827637,1.2830215395296025,0.02265232801437378,16467.37890625,0.0734913809624442,0.22582687437534332,4.1442742347717285,0.918644905090332,0.05077475309371948,0.36466165413533835,0.36735175998110087,0.3668709567585972,0.24793311311423402,0.631361015533146,1.7953182458877563,1.0421141386032104,1.3398948637440762,-0.05477595329284668,1.4399700164794922,0.1401761779195037,0.2509748935699463,3.666863441467285,0.9056566953659058,0.056067585945129395,0.34210526315789475,0.44144144144144143,0.358974358974359,0.2108843537414966,False,False
62,0.6295958499711259,1.7346023321151733,1.027475357055664,1.3170430259164556,-0.029866814613342285,32521.337890625,0.04042143908440344,0.20481374859809875,4.42659854888916,0.8427829742431641,0.032944440841674805,0.3609022556390977,0.35229988052568695,0.3630830779707184,0.24567942441774218,0.6416826201112646,1.836268424987793,1.0500502586364746,1.3550898217416412,-0.0788348913192749,1.47269868850708,0.2098812718576176,0.2500566840171814,3.698620080947876,0.8830738067626953,0.050635457038879395,0.34210526315789475,0.44144144144144143,0.358974358974359,0.2108843537414966,False,False
63,0.6251262047685179,1.679482102394104,1.0302516222000122,1.2959483409434591,0.002859055995941162,8568.0029296875,-0.005003863840028995,0.21262861788272858,4.1640400886535645,0.8770238161087036,0.04349410533905029,0.3609022556390977,0.36200000000000004,0.3631256384065373,0.24187094956325725,0.6311112454063014,1.8197202682495117,1.0378142595291138,1.3489700768547506,-0.06911253929138184,1.4780793190002441,0.23111013877126607,0.2502853572368622,3.7105820178985596,0.8544567823410034,0.06019634008407593,0.34210526315789475,0.44144144144144143,0.358974358974359,0.2108843537414966,False,False
64,0.6244736927792542,1.691158652305603,1.0288333892822266,1.3004455591471729,-0.004073500633239746,30327.69921875,0.08628158338739089,0.22291764616966248,4.3700666427612305,0.8634952902793884,0.04513043165206909,0.3609022556390977,0.36200000000000004,0.3631256384065373,0.24187094956325725,0.6357455661422328,1.8059732913970947,1.047071933746338,1.3438650569893893,-0.061035990715026855,1.4436695575714111,0.18755813345357486,0.2506420314311981,3.6684517860412598,0.9029232859611511,0.05221337080001831,0.34210526315789475,0.44144144144144143,0.358974358974359,0.2108843537414966,False,False
65,0.6274879615109666,1.7279571294784546,1.022150993347168,1.3145178315559112,-0.02592146396636963,22062.755859375,0.07968914580151171,0.20116275548934937,4.284298896789551,0.8376232385635376,0.03451484441757202,0.3609022556390977,0.36200000000000004,0.3631256384065373,0.24187094956325725,0.6206660207949186,1.6862965822219849,1.0519773960113525,1.2985748273480373,0.00927579402923584,1.2936195135116577,0.2801335015409286,0.2593679428100586,3.492501735687256,0.890420138835907,0.05222517251968384,0.34210526315789475,0.44144144144144143,0.358974358974359,0.2108843537414966,False,False
66,0.6261823748735557,1.6438782215118408,1.037219524383545,1.2821381444726776,0.023997783660888672,29076.240234375,0.111711515267579,0.22128024697303772,4.142734050750732,0.9228872060775757,0.04628723859786987,0.3609022556390977,0.35229988052568695,0.3630830779707184,0.24567942441774218,0.627773537447578,1.7871166467666626,1.0391706228256226,1.3368308220439349,-0.04995739459991455,1.4376534223556519,0.2482902011704559,0.2543761134147644,3.664879322052002,0.8972573280334473,0.05908745527267456,0.34210526315789475,0.44144144144144143,0.358974358974359,0.2108843537414966,False,False
67,0.6324090787342617,1.7359110116958618,1.0323561429977417,1.31753975715948,-0.030643939971923828,24772.20703125,0.0158682035319472,0.19434136152267456,4.493422508239746,0.8350573778152466,0.028193116188049316,0.3609022556390977,0.35229988052568695,0.3630830779707184,0.24567942441774218,0.6344818833627199,1.7930535078048706,1.0475677251815796,1.3390494792220602,-0.05344545841217041,1.425225019454956,0.21655632794902258,0.255353182554245,3.6447198390960693,0.8981276750564575,0.05116438865661621,0.34210526315789475,0.44144144144144143,0.358974358974359,0.2108843537414966,False,False
68,0.6291028090885707,1.6790385246276855,1.0385918617248535,1.2957771894225047,0.003122389316558838,18758.8671875,0.045427215716420215,0.20640118420124054,4.181551933288574,0.886841356754303,0.042266130447387695,0.36466165413533835,0.36735175998110087,0.3668709567585972,0.24793311311423402,0.6284366297094446,1.7781668901443481,1.0417841672897339,1.3334792424872417,-0.04469943046569824,1.4218696355819702,0.25004103555508667,0.25753143429756165,3.641801357269287,0.8930574059486389,0.057140052318573,0.34210526315789475,0.44144144144144143,0.358974358974359,0.2108843537414966,False,False
69,0.634164578708491,1.659650444984436,1.047034740447998,1.2882742118758863,0.014633417129516602,32702.263671875,0.029205783264063218,0.19560793042182922,4.037222385406494,0.9629114866256714,0.03352636098861694,0.3609022556390977,0.35229988052568695,0.3630830779707184,0.24567942441774218,0.6441475780386674,1.8442379236221313,1.0522277355194092,1.3580272175557202,-0.08351707458496094,1.4766201972961426,0.18766756060261428,0.26249071955680847,3.68914794921875,0.8727030158042908,0.04881328344345093,0.3157894736842105,0.10526315789473684,0.3333333333333333,0.16,False,False
70,0.6231845408902132,1.69832444190979,1.020828366279602,1.3031977754392423,-0.008327960968017578,14681.021484375,0.09885277112973692,0.22555528581142426,4.278966903686523,0.8334144353866577,0.050189197063446045,0.36466165413533835,0.36735175998110087,0.3668709567585972,0.24793311311423402,0.624934091379768,1.8026061058044434,1.0315831899642944,1.3426116734947762,-0.05905771255493164,1.4702147245407104,0.27159818391585344,0.2634761929512024,3.6781527996063232,0.8462311029434204,0.06618988513946533,0.34210526315789475,0.44144144144144143,0.358974358974359,0.2108843537414966,True,False
71,0.6337432538656363,1.7288877964019775,1.0320109128952026,1.31487177945303,-0.02647411823272705,48660.97265625,0.14078659107914404,0.22539019584655762,4.3772993087768555,0.834538459777832,0.02695465087890625,0.3609022556390977,0.35229988052568695,0.3630830779707184,0.24567942441774218,0.6204639986941689,1.6881507635116577,1.0531021356582642,1.2992885605252045,0.0081864595413208,1.3113341331481934,0.24763363827621934,0.2785494923591614,3.4793314933776855,0.8840649127960205,0.054830968379974365,0.34210526315789475,0.44144144144144143,0.358974358974359,0.2108843537414966,False,False
72,0.6315398465813999,1.6474939584732056,1.0406264066696167,1.2835474118524821,0.021850943565368652,29548.353515625,0.09503611351678923,0.2099633663892746,4.077323913574219,0.9929314851760864,0.0405845046043396,0.35714285714285715,0.34640522875817,0.3593377596186585,0.23966556557117,0.633169108315518,1.8504858016967773,1.0338993072509766,1.3603256234066818,-0.0871877670288086,1.528704047203064,0.19357662665074327,0.28170260787010193,3.757967948913574,0.849915087223053,0.07149899005889893,0.34210526315789475,0.44144144144144143,0.358974358974359,0.2108843537414966,False,False
73,0.6185498847100968,1.665012001991272,1.0216652154922485,1.2903534407251651,0.01145017147064209,27218.6328125,0.15218204934633545,0.2322392761707306,4.370384216308594,0.83982914686203,0.05082756280899048,0.36466165413533835,0.36735175998110087,0.3668709567585972,0.24793311311423402,0.6094054862072593,1.7205555438995361,1.028950572013855,1.3116994868869685,-0.010851860046386719,1.4533241987228394,0.2713793296177746,0.3202768862247467,3.4994845390319824,0.8502288460731506,0.08667433261871338,0.34210526315789475,0.44144144144144143,0.358974358974359,0.2108843537414966,True,False
74,0.5936762558338338,1.5645785331726074,0.9978878498077393,1.2508311369535887,0.07107961177825928,27592.49609375,0.26653799953701846,0.296468585729599,4.425534248352051,0.8373624682426453,0.08554697036743164,0.3609022556390977,0.32005785422800764,0.36291283622744297,0.2587612921368062,0.6311287456437161,1.8997220993041992,1.0279138088226318,1.3783040663453763,-0.11611485481262207,1.5899029970169067,0.1617333262802705,0.28133782744407654,3.9343881607055664,0.7287224531173706,0.07701027393341064,0.34210526315789475,0.44144144144144143,0.358974358974359,0.2108843537414966,True,False
75,0.6401342494147164,1.7371854782104492,1.0463876724243164,1.3180233223317595,-0.03140056133270264,20195.953125,0.13837711077187217,0.18056465685367584,4.430581569671631,0.8597772717475891,0.014340817928314209,0.3533834586466165,0.3324372759856631,0.3555498808307797,0.2374647678385996,0.6356127089575717,1.8235194683074951,1.0451146364212036,1.3503775280666868,-0.07134461402893066,1.4577149152755737,0.14849264124650005,0.26251891255378723,3.693258762359619,0.8611418604850769,0.053784966468811035,0.34210526315789475,0.44144144144144143,0.358974358974359,0.2108843537414966,False,False
76,0.6206390728851906,1.6686525344848633,1.0214375257492065,1.29176334306438,0.009288787841796875,11470.4228515625,0.1703832486647705,0.2439223974943161,4.255772590637207,0.8795874714851379,0.05783504247665405,0.3533834586466165,0.3398333333333334,0.35559244126659856,0.2335493566262797,0.6251663800917173,1.7988228797912598,1.0383583307266235,1.3412020279552443,-0.056835055351257324,1.4488964080810547,0.14334956524164708,0.26102519035339355,3.7001781463623047,0.8479306101799011,0.05967217683792114,0.34210526315789475,0.44144144144144143,0.358974358974359,0.2108843537414966,False,False
77,0.6075761466098011,1.645054817199707,1.0062001943588257,1.2825969036293932,0.023299098014831543,27588.052734375,0.2583608137892647,0.2710939943790436,4.224846839904785,0.807539701461792,0.07003021240234375,0.36466165413533835,0.36735175998110087,0.3668709567585972,0.24793311311423402,0.6180041746089333,1.7904422283172607,1.031561255455017,1.3380740743012924,-0.051911234855651855,1.4248876571655273,0.12693549288573328,0.2160506695508957,3.601135730743408,0.7880879640579224,0.045844078063964844,0.34210526315789475,0.44144144144144143,0.358974358974359,0.2108843537414966,False,False
78,0.6047429213846537,1.5945476293563843,1.0004056692123413,1.2627539860782004,0.05328631401062012,21923.87109375,0.2639726266827427,0.2661861479282379,4.430075645446777,0.8923169374465942,0.06866872310638428,0.34962406015037595,0.3202824133504493,0.35176200204290087,0.23575072078066092,0.6525151619785711,1.9966213703155518,1.0401901006698608,1.4130185314834167,-0.17304456233978271,1.654690146446228,0.1135853807029234,0.25540825724601746,3.9102602005004883,0.7221622467041016,0.06497782468795776,0.34210526315789475,0.44144144144144143,0.358974358974359,0.2108843537414966,False,False
79,0.611738879765783,1.6861169338226318,1.0101829767227173,1.2985056541357962,-0.001080155372619629,21669.5078125,0.21900224945273689,0.25444066524505615,4.398294925689697,0.7937473654747009,0.0639006495475769,0.3609022556390977,0.36646110056925996,0.3630830779707184,0.24644354597184784,0.6103476317305314,1.7903589010238647,1.020940899848938,1.3380429369134104,-0.051862359046936035,1.4546034336090088,0.10351808299129628,0.23998744785785675,3.69144868850708,0.7178506851196289,0.05723506212234497,0.34210526315789475,0.44144144144144143,0.358974358974359,0.2108843537414966,True,False
80,0.6069826837769128,1.6204825639724731,1.006983757019043,1.2729817610525584,0.03788822889328003,25345.7734375,0.2927011683458551,0.29013270139694214,4.576746463775635,0.8116439580917358,0.06747764348983765,0.3383458646616541,0.3738644304682041,0.3399302008852571,0.27693873312564904,0.6283597459918574,1.8204554319381714,1.0374237298965454,1.3492425400713437,-0.06954455375671387,1.4719387292861938,0.1989385569536751,0.24441635608673096,3.6193461418151855,0.7593065500259399,0.05645036697387695,0.34210526315789475,0.44144144144144143,0.358974358974359,0.2108843537414966,False,False
81,0.6042742549924922,1.59434175491333,1.0081121921539307,1.2626724654134698,0.05340844392776489,18549.67578125,0.28405598615842476,0.2907547354698181,4.456249713897705,0.8605624437332153,0.08452266454696655,0.37218045112781956,0.5713709352053579,0.37431903302689823,0.27071206489117966,0.6350688746100978,1.956184983253479,1.026222586631775,1.398636830365009,-0.14928758144378662,1.6247884035110474,0.21382064922303695,0.24985744059085846,3.90289044380188,0.662369430065155,0.05780518054962158,0.34210526315789475,0.44144144144144143,0.358974358974359,0.2108843537414966,False,False
82,0.6102518351902639,1.6215053796768188,1.0087575912475586,1.27338343780529,0.03728097677230835,27101.92578125,0.21358841052999403,0.2585614323616028,4.240851879119873,0.8880776166915894,0.06196719408035278,0.36466165413533835,0.5148859543817528,0.36682839632277836,0.2559747818420977,0.6075029184943751,1.7635371685028076,1.0135961771011353,1.3279823675421325,-0.03610420227050781,1.3961870670318604,0.17442687556884381,0.22798721492290497,3.581801414489746,0.7127547264099121,0.04518693685531616,0.34210526315789475,0.44144144144144143,0.358974358974359,0.2108843537414966,True,False
83,0.5885691391794305,1.6197775602340698,0.9717473983764648,1.2727048205432672,0.03830677270889282,20712.08984375,0.30775388489367933,0.3132847547531128,4.184234142303467,0.761335015296936,0.09482932090759277,0.37593984962406013,0.5025447457026404,0.37776642832822604,0.30785364704427537,0.599023677800831,1.7087990045547485,1.0175822973251343,1.3072103903177745,-0.003944754600524902,1.371975302696228,0.26273458484366,0.2604500353336334,3.5112385749816895,0.7690171003341675,0.06781703233718872,0.34210526315789475,0.44144144144144143,0.358974358974359,0.2108843537414966,False,False
84,0.5877991550903123,1.5543289184570312,0.9874484539031982,1.2467272831124823,0.07716494798660278,33015.0234375,0.33381758851915144,0.3192225694656372,4.180658340454102,0.8072854280471802,0.10052216053009033,0.3533834586466165,0.32642276422764227,0.3555073203949608,0.2411873500705012,0.6229822965044725,1.8745673894882202,1.011473536491394,1.3691484176261608,-0.10133600234985352,1.546686053276062,0.27389615404568135,0.24361072480678558,3.6745336055755615,0.7084780931472778,0.0472450852394104,0.34210526315789475,0.44144144144144143,0.358974358974359,0.2108843537414966,True,False
85,0.591113723758468,1.5984489917755127,0.9881134033203125,1.264297825583637,0.05096989870071411,24157.029296875,0.3099998214859961,0.29687240719795227,4.557241439819336,0.7770765423774719,0.06848275661468506,0.41353383458646614,0.5170325424961367,0.41483656792645557,0.3731331041329579,0.6349033776082491,1.9241063594818115,1.0289846658706665,1.3871216094783512,-0.13044095039367676,1.5802849531173706,0.21371122207399748,0.24145258963108063,3.8503637313842773,0.687023401260376,0.05763453245162964,0.34210526315789475,0.44144144144144143,0.358974358974359,0.2108843537414966,False,False
86,0.592996918393257,1.6146240234375,0.9841236472129822,1.270678568103476,0.0413665771484375,17864.744140625,0.2790033461227074,0.29576003551483154,4.54068660736084,0.7415832877159119,0.08013993501663208,0.3458646616541353,0.2911077993045206,0.34797412325502214,0.23271464235319658,0.5951133511568371,1.6855521202087402,1.0174592733383179,1.2982881499146253,0.009713232517242432,1.323501706123352,0.15254144576095877,0.25177016854286194,3.5280349254608154,0.7801361083984375,0.06299746036529541,0.34210526315789475,0.44144144144144143,0.358974358974359,0.2108843537414966,False,False
87,0.5925063148028868,1.6191658973693848,0.9905290007591248,1.2724644974887844,0.0386698842048645,32765.638671875,0.2967645761252263,0.3033727705478668,4.50479793548584,0.7937601804733276,0.08618640899658203,0.3533834586466165,0.42591036414565825,0.3553796390875042,0.2588818182363264,0.6105185590292278,1.7278639078140259,1.0181244611740112,1.3144823725763788,-0.015145659446716309,1.2921638488769531,0.17792854433810545,0.21066874265670776,3.4735984802246094,0.7639061212539673,0.027780771255493164,0.34210526315789475,0.44144144144144143,0.358974358974359,0.2108843537414966,False,False
88,0.588107388718684,1.556400179862976,0.9832637310028076,1.2475576859860935,0.07593518495559692,12698.0322265625,0.3437338209824607,0.3145221471786499,4.275120735168457,0.805601954460144,0.09717422723770142,0.34962406015037595,0.43577801745269146,0.3512512768130746,0.2708907774963705,0.6505342220005236,1.8054217100143433,1.0434662103652954,1.3436598193048503,-0.06071197986602783,1.2670392990112305,0.10647261601536076,0.17122691869735718,3.5606017112731934,0.8623660802841187,-0.036016106605529785,0.34210526315789475,0.44144144144144143,0.358974358974359,0.2108843537414966,False,False
89,0.5942134444874928,1.6088576316833496,0.9898603558540344,1.2684075179859782,0.04479020833969116,33568.22265625,0.31983380389383087,0.31935709714889526,4.130032539367676,0.8084032535552979,0.07424169778823853,0.424812030075188,0.49623812293969366,0.4262002042900919,0.390601134264223,0.6030206303847464,1.6833603382110596,1.029698133468628,1.2974437707319186,0.011000871658325195,1.2987194061279297,0.18153964025640645,0.23523035645484924,3.4682421684265137,0.8077815771102905,0.055144309997558594,0.34210526315789475,0.44144144144144143,0.358974358974359,0.2108843537414966,False,False
90,0.5872380760939497,1.5231924057006836,0.9886282086372375,1.234176812981302,0.09565132856369019,33131.1171875,0.3053227262772127,0.32687392830848694,4.3064866065979,0.8669479489326477,0.10376280546188354,0.37218045112781956,0.3062330623306233,0.3739785495403473,0.28282133202261,0.6122748992945019,1.7936760187149048,1.0052694082260132,1.3392819041243351,-0.05381119251251221,1.375322699546814,0.11555506938563304,0.2199377417564392,3.5773866176605225,0.7341722846031189,0.029850542545318604,0.34210526315789475,0.44144144144144143,0.358974358974359,0.2108843537414966,True,False
91,0.5828332945816499,1.5989242792129517,0.9663717150688171,1.2644857765957478,0.05068767070770264,25985.314453125,0.2768412535791883,0.3181390166282654,4.649468898773193,0.7906254529953003,0.08476752042770386,0.40977443609022557,0.43559577677224737,0.41130405175349,0.3453420830278889,0.5880184691203268,1.712085485458374,0.976497232913971,1.3084668453798798,-0.005875587463378906,1.304733157157898,0.16074848193891567,0.26224464178085327,3.537914276123047,0.6904186606407166,0.061425209045410156,0.34210526315789475,0.44144144144144143,0.358974358974359,0.2108843537414966,True,False
92,0.5761722487614567,1.5426993370056152,0.9733389019966125,1.2420544823016482,0.08406955003738403,30765.517578125,0.3334350301215957,0.34422874450683594,4.222545623779297,0.8202975988388062,0.11827445030212402,0.3684210526315789,0.33516988062442604,0.37053115423901933,0.26005184589255387,0.5985072678641269,1.7047744989395142,0.9949415326118469,1.305670134045929,-0.0015802383422851562,1.2619972229003906,0.2359249333290008,0.23988047242164612,3.4871113300323486,0.7850863337516785,0.0428462028503418,0.34210526315789475,0.44144144144144143,0.358974358974359,0.2108843537414966,False,False
93,0.5869903743715215,1.6110353469848633,0.9798665642738342,1.2692656723416351,0.04349720478057861,40601.2109375,0.34715389305660893,0.32648324966430664,4.407894611358643,0.7610889077186584,0.07496124505996704,0.39849624060150374,0.47718938149972634,0.3999404153898536,0.3489327977062193,0.6164617977644268,1.7768988609313965,1.0241612195968628,1.3330036987688356,-0.04395437240600586,1.3963695764541626,0.30792799739694265,0.2570075988769531,3.5134406089782715,0.701784074306488,0.06492197513580322,0.3157894736842105,0.10526315789473684,0.3333333333333333,0.16,False,False
94,0.5869584836457905,1.5336358547210693,0.9888544082641602,1.2384005227393395,0.08945071697235107,15226.1845703125,0.3173643894376086,0.33124372363090515,4.179781913757324,0.8734030723571777,0.10972225666046143,0.34962406015037595,0.31126617761078307,0.35167688117126317,0.24244712990936557,0.6130683202492563,1.778996467590332,1.0086461305618286,1.3337902637185248,-0.045186758041381836,1.4202709197998047,0.16293702491970416,0.2506379187107086,3.623601198196411,0.7284826636314392,0.050472378730773926,0.34210526315789475,0.44144144144144143,0.358974358974359,0.2108843537414966,False,False
95,0.5773720947423375,1.5382623672485352,0.9691497087478638,1.24026705481059,0.0867038369178772,26790.51171875,0.33225834425044715,0.3545354902744293,4.075498580932617,0.7715381979942322,0.12114697694778442,0.35714285714285715,0.6155337117541188,0.35908239700374533,0.26345782981297,0.5739113217905948,1.6492321491241455,0.9748631715774536,1.2842243375377005,0.031051695346832275,1.349810242652893,0.28910652776216145,0.3146173655986786,3.586757183074951,0.7666783332824707,0.09889000654220581,0.34210526315789475,0.44144144144144143,0.358974358974359,0.2108843537414966,True,False
96,0.5945671562637601,1.6059890985488892,0.9877508878707886,1.2672762518681115,0.04649323225021362,16094.49609375,0.27768128806048775,0.3165650963783264,4.298418998718262,0.7844720482826233,0.09779489040374756,0.3533834586466165,0.3170049440541244,0.3555073203949608,0.24143848119751735,0.5725457182056025,1.5946897268295288,0.9632307291030884,1.2628102497325275,0.06309616565704346,1.3151789903640747,0.20506647729988292,0.3255726397037506,3.4382338523864746,0.7143716812133789,0.10107147693634033,0.34210526315789475,0.44144144144144143,0.358974358974359,0.2108843537414966,True,False
97,0.5916991861242997,1.5931739807128906,0.9870252013206482,1.262209959045202,0.05410188436508179,33613.30078125,0.24662041536694382,0.30647915601730347,4.289514541625977,0.7860457897186279,0.08799290657043457,0.3684210526315789,0.32633053221288516,0.37044603336738163,0.26616328456819255,0.5591333633974979,1.564363718032837,0.9685068726539612,1.2507452650451398,0.08091318607330322,1.3608803749084473,0.22738961570392566,0.3750518560409546,3.4426381587982178,0.703662633895874,0.13964617252349854,0.34210526315789475,0.44144144144144143,0.358974358974359,0.2108843537414966,False,False
98,0.5759022905862421,1.534294843673706,0.9744611382484436,1.2386665587129193,0.08905959129333496,26440.849609375,0.303853383231934,0.33949318528175354,4.401915073394775,0.7730766534805298,0.1104472279548645,0.3609022556390977,0.2985842985842986,0.3626149131767109,0.276976114257572,0.6046067303732822,1.7239409685134888,0.9797877073287964,1.312989325361592,-0.012840867042541504,1.4712249040603638,0.18810526919877196,0.2971173822879791,3.6364634037017822,0.6674203872680664,0.06887900829315186,0.34210526315789475,0.44144144144144143,0.358974358974359,0.2108843537414966,False,False
99,0.5940394746629816,1.6263062953948975,0.9807285070419312,1.2752671466774708,0.034430503845214844,42641.203125,0.24885200601935226,0.30105388164520264,4.296444416046143,0.8092655539512634,0.06984663009643555,0.40225563909774437,0.5549176680017802,0.4039410963568267,0.3346134943384622,0.5728333812010916,1.61427903175354,0.9674915671348572,1.2705428098862077,0.05158722400665283,1.2962630987167358,0.1721289054390159,0.32701051235198975,3.44266676902771,0.758495569229126,0.10693508386611938,0.34210526315789475,0.44144144144144143,0.358974358974359,0.2108843537414966,False,False
100,0.571533334210403,1.5234395265579224,0.9666967391967773,1.2342769245829408,0.09550458192825317,14715.4248046875,0.34682266124405864,0.34799057245254517,4.323327541351318,0.7847295999526978,0.12094497680664062,0.35714285714285715,0.3170289855072464,0.3589972761321076,0.2674255418680805,0.5850965129701715,1.7862012386322021,0.9385637044906616,1.3364883982407787,-0.04941964149475098,1.3826987743377686,0.19062209362667876,0.3086688816547394,3.7210278511047363,0.6137288808822632,0.07762211561203003,0.42105263157894735,0.39236111111111116,0.4337606837606838,0.3421052631578947,True,False
101,0.5839767964150673,1.6170217990875244,0.9710534811019897,1.271621720122586,0.039942920207977295,26210.033203125,0.2883380898217319,0.3120097219944,4.253666400909424,0.7280737161636353,0.0852806568145752,0.37218045112781956,0.4067498581962563,0.3738508682328907,0.3016947848631017,0.5902847867262991,1.680151104927063,0.9793495535850525,1.296206428362035,0.012886404991149902,1.1942179203033447,0.15932592900140316,0.25240981578826904,3.523496150970459,0.737502932548523,0.057062745094299316,0.3684210526315789,0.4444444444444444,0.3846153846153846,0.25555555555555554,False,False
102,0.5880646916260397,1.56731116771698,0.9890604615211487,1.2519229879337546,0.0694570541381836,42297.40625,0.34660237136679944,0.32356613874435425,4.396369457244873,0.8108804225921631,0.07965296506881714,0.3684210526315789,0.5474249605055292,0.3699353081375553,0.30468553357698097,0.6219686724637684,1.8280293941497803,1.0144590139389038,1.352046372780823,-0.07399439811706543,1.4444687366485596,0.15593368738118096,0.23096607625484467,3.6339125633239746,0.7054038643836975,0.0485568642616272,0.3157894736842105,0.10526315789473684,0.3333333333333333,0.16,False,False
103,0.5764919402904081,1.5793747901916504,0.9643218517303467,1.256731789281886,0.062294602394104004,15446.037109375,0.32171599120980504,0.3354574739933014,4.252229690551758,0.7470152974128723,0.11248522996902466,0.36466165413533835,0.4364892623716153,0.3667007150153217,0.2644128102776725,0.6142653822898865,1.7526624202728271,1.0004390478134155,1.3238815733564793,-0.02971518039703369,1.3829177618026733,0.18044536876601225,0.24466031789779663,3.6336793899536133,0.6999406814575195,0.019096553325653076,0.39473684210526316,0.3256704980842912,0.4038461538461539,0.32815964523281593,False,False
104,0.5839733024288837,1.5986614227294922,0.9766601324081421,1.2643818342294753,0.05084383487701416,23548.59375,0.28726437591925885,0.3121539056301117,4.430767059326172,0.7693953514099121,0.09222269058227539,0.38721804511278196,0.544157947184853,0.38900238338440585,0.3066070469339223,0.5964814957819486,1.7389943599700928,0.9727959632873535,1.3187093538646386,-0.021684885025024414,1.4119758605957031,0.14980576703497314,0.2870196998119354,3.609098434448242,0.7393847703933716,0.07492470741271973,0.34210526315789475,0.44144144144144143,0.358974358974359,0.2108843537414966,False,False
105,0.5883583065710569,1.58447265625,0.9775615334510803,1.2587583788201768,0.05926793813705444,21105.107421875,0.2682869290111774,0.31124427914619446,4.2419915199279785,0.7880118489265442,0.07740473747253418,0.38345864661654133,0.49746581801037254,0.38487402110997615,0.3263182841568906,0.6008032152527257,1.770821213722229,0.9707868695259094,1.330722064791228,-0.04038369655609131,1.445734977722168,0.1819773488525642,0.28766000270843506,3.6184027194976807,0.7405788898468018,0.07482713460922241,0.34210526315789475,0.44144144144144143,0.358974358974359,0.2108843537414966,False,False
106,0.5650702335108492,1.4949451684951782,0.9622456431388855,1.2226795035884008,0.1124221682548523,21993.341796875,0.3604968923660237,0.36601367592811584,4.155725002288818,0.7660586833953857,0.13159161806106567,0.36466165413533835,0.2959815546772068,0.36631767109295194,0.28207471540804874,0.5877372936198586,1.6582139730453491,0.9920506477355957,1.2877165732587854,0.025774776935577393,1.3101354837417603,0.13426711187137477,0.2821788787841797,3.466156005859375,0.7505723834037781,0.07731759548187256,0.34210526315789475,0.44144144144144143,0.358974358974359,0.2108843537414966,False,False
107,0.5754155090876988,1.5540146827697754,0.971688985824585,1.246601252514121,0.07735145092010498,40610.55859375,0.3357871266692342,0.34510403871536255,4.619369983673096,0.7562040090560913,0.10612350702285767,0.40225563909774437,0.6117752986179927,0.4039410963568267,0.3383986928104575,0.5984196913869757,1.65654718875885,0.9986895322799683,1.2870692245403315,0.026754021644592285,1.3056529760360718,0.12365267841455052,0.2702559530735016,3.458807945251465,0.7909150123596191,0.0694270133972168,0.34210526315789475,0.44144144144144143,0.358974358974359,0.2108843537414966,False,False
108,0.592002534776702,1.5990391969680786,0.9882000088691711,1.264531216288502,0.050619661808013916,8825.5029296875,0.32169335650461633,0.29005345702171326,4.492798328399658,0.7662543058395386,0.08247917890548706,0.3684210526315789,0.46673976608187134,0.3703183520599251,0.2826734426819219,0.6066284822790247,1.7756166458129883,0.9620939493179321,1.3325226624012771,-0.04320108890533447,1.4466102123260498,0.11161569202021375,0.28790342807769775,3.6998584270477295,0.6775897741317749,0.06111443042755127,0.39473684210526316,0.3256704980842912,0.4038461538461539,0.32815964523281593,False,False
109,0.5815393104589075,1.5710053443908691,0.975957453250885,1.2533975204981336,0.06726372241973877,24772.91796875,0.303853383231934,0.3300263285636902,4.3540544509887695,0.796228289604187,0.10432910919189453,0.38345864661654133,0.45925902247226924,0.3851719441607082,0.3102585051114463,0.588939905166626,1.7079614400863647,0.9522686004638672,1.3068899877519777,-0.0034526586532592773,1.3950837850570679,0.11019313908270123,0.30818840861320496,3.642686128616333,0.6843200922012329,0.08342951536178589,0.34210526315789475,0.44144144144144143,0.358974358974359,0.2108843537414966,False,False
110,0.5679442097425909,1.5514445304870605,0.9594737887382507,1.2455699621005079,0.07887744903564453,33107.0546875,0.3044555939094196,0.34837260842323303,4.5192766189575195,0.7875760197639465,0.1082804799079895,0.37593984962406013,0.3835748792270531,0.3774259448416752,0.31116265064738247,0.5893736795375222,1.6490304470062256,0.980300784111023,1.2841458044187295,0.031170189380645752,1.3299108743667603,0.10888001329422811,0.28410300612449646,3.498746871948242,0.7610366940498352,0.06280779838562012,0.39473684210526316,0.3256704980842912,0.4038461538461539,0.32815964523281593,False,False
111,0.5645437060218108,1.5141594409942627,0.9565317034721375,1.2305118613789396,0.10101431608200073,25599.92578125,0.3568979742410181,0.3549189865589142,4.252820014953613,0.7447144985198975,0.11977481842041016,0.37218045112781956,0.29493170381020845,0.373765747361253,0.2916412255569646,0.5882720413960909,1.7007185220718384,0.9626158475875854,1.3041159925680839,0.0008026957511901855,1.4234966039657593,0.13459539331849302,0.29922086000442505,3.603466033935547,0.6709023714065552,0.058914899826049805,0.39473684210526316,0.3256704980842912,0.4038461538461539,0.32815964523281593,False,False
112,0.5691928642808943,1.5624334812164307,0.9550421237945557,1.2499733922033824,0.07235312461853027,23067.443359375,0.3477025455584368,0.3405182361602783,4.276899337768555,0.7031116485595703,0.0997355580329895,0.37969924812030076,0.4034568491090231,0.3811712631937351,0.31413330929198224,0.5966935581282565,1.767691731452942,0.9663044810295105,1.3295456861097108,-0.03854501247406006,1.4068260192871094,0.1434589923906865,0.2842820882797241,3.6715750694274902,0.6989442706108093,0.06945252418518066,0.34210526315789475,0.44144144144144143,0.358974358974359,0.2108843537414966,False,False
113,0.5827798036704386,1.5776257514953613,0.977938175201416,1.2560357285902983,0.06333309412002563,20697.05078125,0.2981551759003413,0.3182295858860016,4.499926567077637,0.763562798500061,0.09843796491622925,0.40977443609022557,0.6692382541006395,0.4114742934967654,0.33961458569468156,0.5780317501017922,1.6734868288040161,0.9600774645805359,1.2936331894335489,0.01680171489715576,1.2992582321166992,0.12058871824144662,0.29519838094711304,3.587021827697754,0.7688198089599609,0.08321535587310791,0.34210526315789475,0.44144144144144143,0.358974358974359,0.2108843537414966,False,False
114,0.5857773984509304,1.5617026090621948,0.990155816078186,1.2496810029212235,0.07278698682785034,28511.37890625,0.284557775256552,0.3144170641899109,4.477755069732666,0.8218420147895813,0.09092843532562256,0.37593984962406013,0.6385745483422672,0.37759618658495064,0.29709253227168536,0.5928806505705181,1.7524478435516357,0.9705142974853516,1.3238005301221312,-0.029589056968688965,1.3696973323822021,0.15254144576095877,0.282351016998291,3.6487321853637695,0.6803739070892334,0.07301121950149536,0.34210526315789475,0.44144144144144143,0.358974358974359,0.2108843537414966,False,False
115,0.566620379462278,1.5567724704742432,0.9588413238525391,1.2477068848388404,0.075714111328125,13111.9443359375,0.3162352045674899,0.3513105511665344,4.339186668395996,0.7282055616378784,0.11991381645202637,0.38721804511278196,0.434084711654104,0.38891726251276815,0.31214735796271603,0.586572527885437,1.7110267877578735,0.9593706727027893,1.308062226256027,-0.00525355339050293,1.357571005821228,0.1678612466264783,0.2893328368663788,3.6864964962005615,0.6930590867996216,0.061469435691833496,0.39473684210526316,0.3256704980842912,0.4038461538461539,0.32815964523281593,False,False
116,0.5639774999896386,1.5093480348587036,0.9651954174041748,1.2285552632497667,0.10387086868286133,27993.173828125,0.3408981068605788,0.36215466260910034,4.206806182861328,0.768577516078949,0.11929845809936523,0.39473684210526316,0.536178496555855,0.39628021790943135,0.32356418444525725,0.6067371933083785,1.833287239074707,0.9660914540290833,1.3539893792326094,-0.07708334922790527,1.4473986625671387,0.14586638966955384,0.2818666100502014,3.768683671951294,0.6150352954864502,0.057864606380462646,0.34210526315789475,0.5396825396825397,0.3547008547008547,0.273015873015873,False,False
117,0.5708923727498019,1.6013436317443848,0.9559481739997864,1.2654420696912145,0.04925131797790527,24707.70703125,0.35424525055263373,0.3436534106731415,4.19532585144043,0.6733613014221191,0.10965508222579956,0.37593984962406013,0.4702415684443926,0.3774259448416752,0.3265080598413932,0.5960647197146165,1.694777011871338,0.9808147549629211,1.301836015737519,0.0042934417724609375,1.2780386209487915,0.15407342584751074,0.2636760473251343,3.5539326667785645,0.7420090436935425,0.06385588645935059,0.3157894736842105,0.10526315789473684,0.3333333333333333,0.16,False,False
118,0.5823779751483659,1.5547834634780884,0.9872449040412903,1.2469095650760276,0.07689511775970459,27276.0625,0.30345775408912845,0.3190351128578186,4.386707305908203,0.7790176868438721,0.09822607040405273,0.37593984962406013,0.3080808080808081,0.37768130745658834,0.2894655994825774,0.5950646212226466,1.6821600198745728,0.9769530892372131,1.2969811177787334,0.011706113815307617,1.2702571153640747,0.1916069379680336,0.2726876735687256,3.6008152961730957,0.7541545629501343,0.0537070631980896,0.39473684210526316,0.3256704980842912,0.4038461538461539,0.32815964523281593,False,False
119,0.5725764204236797,1.5085595846176147,0.9753364324569702,1.2282343361987624,0.10433900356292725,21917.306640625,0.31324423549593333,0.3441509008407593,4.267782211303711,0.7827262878417969,0.1131296157836914,0.39473684210526316,0.48849304980208047,0.39632277834525026,0.3191753982451657,0.6050410035409426,1.8186551332473755,0.9672366976737976,1.348575223429296,-0.06848680973052979,1.5092496871948242,0.1248563770539842,0.3044911026954651,3.762956142425537,0.6408693790435791,0.07787573337554932,0.34210526315789475,0.5511111111111111,0.35042735042735046,0.2984298584298584,False,False
120,0.5721374726749229,1.5722346305847168,0.957059383392334,1.2538878062190082,0.06653392314910889,12274.955078125,0.2968892264030965,0.34041768312454224,4.25820255279541,0.7545442581176758,0.10869252681732178,0.40225563909774437,0.48501718213058415,0.40351549199863807,0.36841142382241415,0.6035110479906985,1.791517734527588,0.961418628692627,1.3384758998680506,-0.05254316329956055,1.501226782798767,0.13809706208775466,0.317518413066864,3.762932062149048,0.6091617345809937,0.0753093957901001,0.3684210526315789,0.4063492063492064,0.36752136752136755,0.3793490460157127,False,False
121,0.5889769188107404,1.62913978099823,0.9810623526573181,1.2763776012599994,0.03274822235107422,18985.9375,0.2830489011768593,0.3057887554168701,4.293256759643555,0.730709433555603,0.06078308820724487,0.39849624060150374,0.48232026143790846,0.3999404153898536,0.34909951159951164,0.578051181215989,1.619291067123413,0.9550897479057312,1.2725136805250516,0.048642516136169434,1.2867883443832397,0.16228046202546761,0.3211198151111603,3.496145248413086,0.7449883222579956,0.09932267665863037,0.39473684210526316,0.3256704980842912,0.4038461538461539,0.32815964523281593,False,False
122,0.5607074606687503,1.4948302507400513,0.9512388706207275,1.2226325084587155,0.11249041557312012,21895.564453125,0.3532939553373785,0.37280067801475525,4.238314151763916,0.7343705892562866,0.13888651132583618,0.3533834586466165,0.2817460317460318,0.3551242764725911,0.26580544137796047,0.5896567812091426,1.699149250984192,0.9591845273971558,1.3035141928587475,0.0017246603965759277,1.3586128950119019,0.19510860673729521,0.30578452348709106,3.6422500610351562,0.6644717454910278,0.08289951086044312,0.34210526315789475,0.44144144144144143,0.358974358974359,0.2108843537414966,False,False
123,0.5557459897564766,1.5198450088500977,0.9433807730674744,1.2328199417798602,0.09763872623443604,21745.693359375,0.3774729212575594,0.3721247911453247,4.481656074523926,0.7063668966293335,0.1326783299446106,0.39473684210526316,0.47102111989074236,0.39615253660197486,0.34829643191803644,0.6106716143457513,1.6784453392028809,0.9969366788864136,1.2955482774496985,0.013888537883758545,1.2895179986953735,0.1651255679004927,0.2618595063686371,3.583885669708252,0.801216185092926,0.04501265287399292,0.39473684210526316,0.3256704980842912,0.4038461538461539,0.32815964523281593,False,False
124,0.5760368059452315,1.5822017192840576,0.9679659605026245,1.2578560010128574,0.060616374015808105,17235.98828125,0.32901743702582087,0.3175780773162842,4.427709102630615,0.7419647574424744,0.090293288230896,0.37969924812030076,0.49612871212972326,0.3811712631937351,0.33332599603786045,0.5993871469246713,1.7078566551208496,0.9763871431350708,1.3068498977008989,-0.0033910274505615234,1.3206655979156494,0.13503310191465073,0.27711349725723267,3.6217103004455566,0.7126617431640625,0.06428533792495728,0.34210526315789475,0.44144144144144143,0.358974358974359,0.2108843537414966,False,False
125,0.5606722031768999,1.5321910381317139,0.9533048868179321,1.2378170455005513,0.09030860662460327,28794.5,0.34206522877178847,0.3549390435218811,4.539383411407471,0.7356891632080078,0.11101138591766357,0.39097744360902253,0.48765786452353616,0.3923220973782771,0.3445728729539375,0.6127424898900484,1.7555738687515259,0.9879040718078613,1.3249807050487663,-0.0314255952835083,1.3468873500823975,0.1608579090879551,0.2519044280052185,3.6398181915283203,0.6907106637954712,0.04670161008834839,0.3157894736842105,0.10526315789473684,0.3333333333333333,0.16,False,False
126,0.5708865655544109,1.545385479927063,0.9625312685966492,1.2431353425621294,0.08247476816177368,35843.03125,0.33086264369669804,0.34844744205474854,4.251139163970947,0.7474450469017029,0.10521972179412842,0.40601503759398494,0.45844722680071115,0.40738849165815455,0.3603739590154534,0.6076915075904444,1.6768933534622192,0.9924033284187317,1.2949491702233795,0.01480036973953247,1.2412245273590088,0.1477266512032241,0.2544083297252655,3.5057666301727295,0.7815290689468384,0.055398404598236084,0.34210526315789475,0.44144144144144143,0.358974358974359,0.2108843537414966,False,False
127,0.5673581336001704,1.5046982765197754,0.9544728398323059,1.2266614351644773,0.10663151741027832,24465.390625,0.36094703608048095,0.35949158668518066,4.042474746704102,0.788889467716217,0.12802183628082275,0.39473684210526316,0.6509107831405399,0.3964504596527069,0.31632231240074377,0.6180125537671541,1.8032993078231812,0.983940601348877,1.3428698030051838,-0.05946505069732666,1.3928511142730713,0.12978059876075834,0.2650693953037262,3.7408573627471924,0.6138641238212585,0.03693723678588867,0.39473684210526316,0.43589743589743585,0.4017094017094018,0.3638357256778309,False,False
128,0.5711823325408133,1.5648081302642822,0.960702121257782,1.2509229113995324,0.07094323635101318,13732.4912109375,0.3037959994723006,0.3341454267501831,4.358766555786133,0.7472093105316162,0.10350215435028076,0.38721804511278196,0.46182608967739913,0.388661899897855,0.33261694023586286,0.5914491744417893,1.6997835636138916,0.9606406688690186,1.3037574788333495,0.0013520121574401855,1.3114062547683716,0.19609345107865,0.2916620075702667,3.5875871181488037,0.6437439918518066,0.07402485609054565,0.39473684210526316,0.3256704980842912,0.4038461538461539,0.32815964523281593,False,False
129,0.5612976050242445,1.548893690109253,0.9472663998603821,1.2445455757461246,0.08039182424545288,13406.9267578125,0.3177973180241758,0.3500761389732361,4.363217353820801,0.6909038424491882,0.11550140380859375,0.39473684210526316,0.3252825373678454,0.39632277834525026,0.31656348585118244,0.5838341995289451,1.6564995050430298,0.9548611640930176,1.2870507002612717,0.02678203582763672,1.3630285263061523,0.17377031267460727,0.3294655680656433,3.6116886138916016,0.6333947777748108,0.0949394702911377,0.39473684210526316,0.3256704980842912,0.4038461538461539,0.32815964523281593,False,False
130,0.5573093472958955,1.5218778848648071,0.9455912709236145,1.2336441483932095,0.09643173217773438,6180.74560546875,0.33542879697019035,0.372047483921051,4.327066898345947,0.7428165674209595,0.13773006200790405,0.38721804511278196,0.3247338247338247,0.38895982294858705,0.30164119977362763,0.5869327422819639,1.6150943040847778,0.9627289175987244,1.2708636056181553,0.05110818147659302,1.2648359537124634,0.12682606573669383,0.3198848068714142,3.5131545066833496,0.7135021090507507,0.09946376085281372,0.3684210526315789,0.30833333333333335,0.3782051282051282,0.30158730158730157,False,False
131,0.5642753072167025,1.5296406745910645,0.9560054540634155,1.2367864304685205,0.09182274341583252,13946.8994140625,0.3265286278990244,0.35878223180770874,4.2205963134765625,0.7424246072769165,0.12076365947723389,0.38345864661654133,0.3130096839959225,0.3851293837248894,0.3001606157467042,0.615593041244306,1.664387822151184,0.9999810457229614,1.2901115541499442,0.022147536277770996,1.2655540704727173,0.13196914174154684,0.2641223073005676,3.5182793140411377,0.7830777168273926,0.05086565017700195,0.3684210526315789,0.30833333333333335,0.3782051282051282,0.30158730158730157,False,False
132,0.5527963815326977,1.5429880619049072,0.9384999871253967,1.2421707056217786,0.08389824628829956,19605.849609375,0.30264354229966395,0.3691239356994629,4.787623405456543,0.7197814583778381,0.10856872797012329,0.42857142857142855,0.48893698893698895,0.4298604017705141,0.3823088023088023,0.5949406812065526,1.7350656986236572,0.9654435515403748,1.3172189258523646,-0.019376754760742188,1.424485206604004,0.11478907934235709,0.3291601538658142,3.620476484298706,0.6873708963394165,0.10594028234481812,0.3157894736842105,0.10526315789473684,0.3333333333333333,0.16,False,False
133,0.5610906210608948,1.5277819633483887,0.9486007690429688,1.236034774328129,0.0929262638092041,9304.1123046875,0.2994973182784327,0.3552868068218231,4.1917877197265625,0.7222583293914795,0.1191788911819458,0.39473684210526316,0.3202232261493489,0.39632277834525026,0.3143980160029947,0.5893371011081495,1.6205295324325562,0.9687992930412292,1.2730002091251031,0.047914981842041016,1.283301830291748,0.1387536249819912,0.3164651393890381,3.5419511795043945,0.737476646900177,0.09062880277633667,0.39473684210526316,0.3256704980842912,0.4038461538461539,0.32815964523281593,False,False
134,0.5635374582799754,1.4871999025344849,0.9555230140686035,1.2195080575930957,0.11702066659927368,16968.138671875,0.35837241806493086,0.3669857978820801,4.135614395141602,0.7988554239273071,0.13069528341293335,0.37593984962406013,0.29984859072909387,0.37746850527749404,0.29785547785547783,0.6016784153486553,1.6954418420791626,0.9828277230262756,1.302091334000485,0.0039028525352478027,1.310019612312317,0.1794605244246574,0.2737303674221039,3.5440385341644287,0.7820206880569458,0.07003051042556763,0.3157894736842105,0.10526315789473684,0.3333333333333333,0.16,False,False
135,0.5677721986645147,1.5546075105667114,0.9513739347457886,1.246839007477193,0.07699942588806152,8761.98828125,0.3331981627137758,0.34551775455474854,4.439077854156494,0.713056206703186,0.10723811388015747,0.37593984962406013,0.3054673721340388,0.3774259448416752,0.3013094288262073,0.6022568831318303,1.676328420639038,0.9802106618881226,1.2947310225058477,0.015132248401641846,1.3075557947158813,0.16457843215529558,0.28665071725845337,3.5526719093322754,0.8124362230300903,0.07453274726867676,0.34210526315789475,0.44144144144144143,0.358974358974359,0.2108843537414966,False,False
136,0.5506564546796612,1.4994531869888306,0.9355097413063049,1.2245216155661893,0.10974568128585815,13791.904296875,0.3276277936466997,0.38809606432914734,4.173983097076416,0.7165717482566833,0.14463704824447632,0.38721804511278196,0.45115662490886194,0.3888321416411304,0.3152816572592119,0.5904238004433481,1.6556748151779175,0.9659464955329895,1.2867302806641014,0.02726656198501587,1.2704954147338867,0.1651255679004927,0.30411237478256226,3.55869722366333,0.768183708190918,0.08483034372329712,0.39473684210526316,0.3256704980842912,0.4038461538461539,0.32815964523281593,False,False
137,0.5535147024276561,1.502132773399353,0.9389235973358154,1.2256152632043031,0.1081547737121582,26407.89453125,0.3436981155320221,0.37139981985092163,4.325819969177246,0.7048624753952026,0.12908321619033813,0.39473684210526316,0.536178496555855,0.39628021790943135,0.32356418444525725,0.6123136689788417,1.7291723489761353,0.9878702759742737,1.3149799804469022,-0.015914320945739746,1.339020013809204,0.12168298973184087,0.27014487981796265,3.6194276809692383,0.7482931613922119,0.051223814487457275,0.3684210526315789,0.30833333333333335,0.3782051282051282,0.30158730158730157,False,False
138,0.5569275837195548,1.5210055112838745,0.9431929588317871,1.2332905218495254,0.09694963693618774,15437.4677734375,0.3216898497193054,0.3626619875431061,4.362671852111816,0.7352434396743774,0.11380338668823242,0.40225563909774437,0.41953619746689697,0.4036006128702758,0.3405843159723359,0.6151898095482274,1.7002930641174316,0.9958238005638123,1.3039528611561968,0.0010526776313781738,1.3790241479873657,0.09487333821718169,0.2940126955509186,3.6486082077026367,0.7290888428688049,0.05390828847885132,0.39473684210526316,0.3256704980842912,0.4038461538461539,0.32815964523281593,False,False
139,0.549562817901597,1.474985957145691,0.9322041273117065,1.2144899987837243,0.12427234649658203,20446.427734375,0.35862171862067127,0.3912288248538971,4.220097064971924,0.7291354537010193,0.14702171087265015,0.40601503759398494,0.5730188679245284,0.40764385427306776,0.3346308759444058,0.601005102458753,1.685390830039978,0.9722265005111694,1.2982260319528252,0.009807944297790527,1.2582074403762817,0.13941018787622775,0.29413658380508423,3.594160795211792,0.7339799404144287,0.0752866268157959,0.3684210526315789,0.30833333333333335,0.3782051282051282,0.30158730158730157,False,False
140,0.5501196583859006,1.5038511753082275,0.9304474592208862,1.2263160992616169,0.10713446140289307,17555.060546875,0.34262344523355515,0.3795587718486786,4.344217300415039,0.6706060767173767,0.12890732288360596,0.40225563909774437,0.4399166448459457,0.4037282941777323,0.33734605350152386,0.5989993622428492,1.6476036310195923,0.9751283526420593,1.2835901335783133,0.032008469104766846,1.2420672178268433,0.163921869261059,0.29869601130485535,3.568859100341797,0.7906423807144165,0.07223862409591675,0.39473684210526316,0.3256704980842912,0.4038461538461539,0.32815964523281593,False,False
141,0.5462662662778582,1.4746793508529663,0.933504045009613,1.2143637638092493,0.1244543194770813,18894.708984375,0.39564667673210907,0.3945486843585968,4.300278663635254,0.7518080472946167,0.141215980052948,0.39097744360902253,0.4857843306119168,0.3924072182499148,0.3376286222612171,0.6130723357200623,1.6703132390975952,0.9951667785644531,1.2924059884949448,0.01866626739501953,1.2571572065353394,0.13678393629928154,0.27483683824539185,3.5682172775268555,0.8046501874923706,0.0547490119934082,0.3684210526315789,0.30833333333333335,0.3782051282051282,0.30158730158730157,False,False
142,0.5496704571957427,1.4997198581695557,0.9299046993255615,1.2246304986278742,0.10958737134933472,12478.7099609375,0.3296225168912882,0.3785920739173889,4.234654426574707,0.7022506594657898,0.13586467504501343,0.40977443609022557,0.4748699368264586,0.4113891726251277,0.3478181151448478,0.5801616656152826,1.6118186712265015,0.959966242313385,1.269574208633155,0.05303269624710083,1.2523930072784424,0.15374514440039247,0.3337979018688202,3.6284432411193848,0.7591003179550171,0.09783071279525757,0.39473684210526316,0.3256704980842912,0.4038461538461539,0.32815964523281593,False,False
143,0.5621686088187354,1.4900394678115845,0.9551923871040344,1.2206717281118558,0.11533480882644653,3559.99560546875,0.35126990261564395,0.3734799921512604,4.076244354248047,0.7825384140014648,0.13042128086090088,0.40225563909774437,0.6577484576385071,0.4038985359210079,0.32314376817688073,0.5837298694409823,1.6297883987426758,0.9647887349128723,1.2766316613427209,0.04247516393661499,1.308902621269226,0.1664386936889658,0.34354546666145325,3.6554319858551025,0.7246143817901611,0.1085243821144104,0.39473684210526316,0.3256704980842912,0.4038461538461539,0.32815964523281593,False,False
144,0.5470757157282722,1.507090449333191,0.9282910823822021,1.2276361225270258,0.10521125793457031,15840.607421875,0.36382068724345373,0.38707268238067627,4.354578971862793,0.6799649000167847,0.13831007480621338,0.38721804511278196,0.4136752136752137,0.3885767790262172,0.3327677224736048,0.5936220633356195,1.6875320672988892,0.9748397469520569,1.299050448327119,0.008549928665161133,1.3614132404327393,0.16917437241495142,0.325454980134964,3.6727755069732666,0.7138923406600952,0.09056967496871948,0.39473684210526316,0.3256704980842912,0.4038461538461539,0.32815964523281593,False,False
145,0.542578805658154,1.4575355052947998,0.9326457381248474,1.2072843514660496,0.13463306427001953,13138.1552734375,0.3847281412672038,0.4012206196784973,4.2336649894714355,0.712813138961792,0.1524907946586609,0.39849624060150374,0.4739057239057239,0.3998552945182159,0.340268117684571,0.5975786165187233,1.6534160375595093,0.9669815897941589,1.2858522611713639,0.028593599796295166,1.233790636062622,0.16950265386206972,0.3211592733860016,3.64581036567688,0.7318663001060486,0.09198379516601562,0.39473684210526316,0.3256704980842912,0.4038461538461539,0.32815964523281593,False,False
146,0.5421893624623859,1.450542688369751,0.9221099019050598,1.2043847758792665,0.13878470659255981,5558.10205078125,0.3637537395238815,0.4095994234085083,4.379123687744141,0.7047481536865234,0.16443109512329102,0.40601503759398494,0.4458333333333333,0.40730337078651685,0.34965622612681435,0.6056380020944696,1.6524083614349365,0.9791851043701172,1.2854603694532696,0.029185593128204346,1.258318305015564,0.15505827018886556,0.31466594338417053,3.6331489086151123,0.7958366274833679,0.07539784908294678,0.39473684210526316,0.3256704980842912,0.4038461538461539,0.32815964523281593,False,False
147,0.5380444842411723,1.4170271158218384,0.9228209257125854,1.1903894807254634,0.15868359804153442,19448.861328125,0.38393847697491584,0.41347625851631165,4.271048069000244,0.7316786050796509,0.16379868984222412,0.424812030075188,0.4834325467976763,0.42615764385427307,0.34915529180762156,0.6259745233937314,1.7277203798294067,1.0045785903930664,1.3144277765740522,-0.015061259269714355,1.294955849647522,0.14466269103012017,0.28224459290504456,3.6806981563568115,0.7305346727371216,0.0483098030090332,0.39473684210526316,0.3256704980842912,0.4038461538461539,0.32815964523281593,False,False
148,0.5416977150099618,1.469127893447876,0.9198388457298279,1.212075861259466,0.12775039672851562,12923.5859375,0.4002112360122783,0.4169785976409912,4.246085166931152,0.6866675019264221,0.1539994478225708,0.41729323308270677,0.49145734585232814,0.4183690840994212,0.39035167944205024,0.6225150635367945,1.679034948348999,1.006992220878601,1.2957758094473746,0.013542115688323975,1.1972764730453491,0.16359358781394076,0.25035691261291504,3.548076629638672,0.8830817937850952,0.049701571464538574,0.3157894736842105,0.10526315789473684,0.3333333333333333,0.16,False,False
149,0.5482983456966573,1.4407942295074463,0.9297610521316528,1.2003308833431914,0.14457261562347412,19952.92578125,0.3620867413065324,0.3996274173259735,4.362268447875977,0.7318872213363647,0.15207284688949585,0.36466165413533835,0.2786853221986179,0.3658069458631256,0.2994089038533483,0.6126524429572257,1.7422069311141968,0.9885939359664917,1.3199268658202987,-0.023572325706481934,1.3031961917877197,0.23111013877126607,0.3130439817905426,3.7196836471557617,0.7025812864303589,0.07715678215026855,0.34210526315789475,0.44144144144144143,0.358974358974359,0.2108843537414966,False,False
150,0.5308928709281119,1.4586526155471802,0.9038506746292114,1.2077469170100084,0.1339697241783142,9871.5263671875,0.4130492582369194,0.4242711067199707,4.437510967254639,0.6555271148681641,0.17330926656723022,0.40601503759398494,0.5030191612112516,0.40721824991487915,0.3712157617991148,0.6156844481041557,1.6620880365371704,0.9959676861763,1.2892199333461962,0.023498713970184326,1.2424732446670532,0.13930076072718833,0.2906971275806427,3.5692782402038574,0.8273984789848328,0.06250590085983276,0.3684210526315789,0.30833333333333335,0.3782051282051282,0.30158730158730157,False,True
